Data,Abertura,Máxima,Mínima,Fechamento,Fech. Sem div,Volume Financeiro
2009-02-02,4.75,4.87,4.74,4.76,20.23,124887913.0
2009-02-03,4.76,4.8,4.73,4.78,20.3,104406853.0
2009-02-04,4.83,5.0,4.82,4.92,20.9,202409932.0
2009-02-05,4.87,5.18,4.86,5.09,21.6,145433413.0
2009-02-06,5.15,5.37,5.12,5.33,22.63,212571150.0
2009-02-09,5.27,5.39,5.24,5.34,22.67,107347619.0
2009-02-10,5.4,5.54,5.1,5.2,22.07,213308203.0
2009-02-11,5.23,5.4,5.21,5.28,22.44,151843777.0
2009-02-12,5.21,5.25,5.11,5.14,21.82,128775926.0
2009-02-13,5.28,5.31,5.16,5.31,22.55,110450006.0
2009-02-16,5.26,5.28,5.19,5.28,22.43,37481666.0
2009-02-17,5.18,5.19,4.97,5.07,21.53,182377972.0
2009-02-18,5.11,5.16,4.98,5.1,21.65,108248823.0
2009-02-19,5.18,5.18,4.99,5.04,21.4,110166110.0
2009-02-20,4.91,4.95,4.78,4.83,20.51,153931928.0
2009-02-25,4.76,5.06,4.76,4.94,21.0,91462103.0
2009-02-26,5.06,5.13,4.98,4.98,21.15,113546846.0
2009-02-27,4.9,5.03,4.86,4.87,20.7,91581910.0
2009-03-02,4.8,4.87,4.66,4.69,19.9,153530405.0
2009-03-03,4.76,4.78,4.55,4.67,19.81,139419309.0
2009-03-04,4.8,4.93,4.75,4.91,20.84,196087633.0
2009-03-05,4.78,4.88,4.72,4.81,20.4,102837286.0
2009-03-06,4.84,5.0,4.8,4.92,20.87,126671864.0
2009-03-09,4.82,4.94,4.73,4.78,20.27,108074857.0
2009-03-10,4.85,5.06,4.83,5.06,21.49,137849453.0
2009-03-11,5.07,5.14,4.95,5.02,21.3,146567926.0
2009-03-12,4.98,5.18,4.98,5.15,21.86,151879173.0
2009-03-13,5.2,5.23,5.04,5.11,21.7,148881799.0
2009-03-16,5.18,5.28,5.09,5.14,21.82,137185393.0
2009-03-17,5.12,5.23,5.05,5.23,22.2,110583531.0
2009-03-18,5.18,5.42,5.12,5.33,22.63,185135690.0
2009-03-19,5.41,5.42,5.13,5.16,21.91,191977519.0
2009-03-20,5.19,5.19,5.05,5.07,21.51,119041397.0
2009-03-23,5.21,5.46,5.16,5.44,23.1,233065854.0
2009-03-24,5.31,5.42,5.31,5.33,22.61,117070105.0
2009-03-25,5.37,5.52,5.25,5.37,22.8,147686733.0
2009-03-26,5.45,5.57,5.37,5.53,23.45,117283772.0
2009-03-27,5.47,5.59,5.42,5.56,23.58,99720302.0
2009-03-30,5.42,5.46,5.34,5.38,22.84,128964594.0
2009-03-31,5.44,5.52,5.37,5.44,23.1,124455925.0
2009-04-01,5.37,5.62,5.37,5.6,23.78,112709866.0
2009-04-02,5.76,5.86,5.76,5.77,24.47,183366656.0
2009-04-03,5.77,5.89,5.71,5.89,25.0,148807953.0
2009-04-06,5.86,5.96,5.79,5.95,25.25,158150615.0
2009-04-07,5.87,6.02,5.83,5.92,25.1,126934669.0
2009-04-08,5.92,6.03,5.87,5.99,25.42,145339029.0
2009-04-09,6.08,6.25,6.08,6.24,26.45,173255244.0
2009-04-13,6.2,6.26,6.14,6.24,26.45,140533405.0
2009-04-14,6.24,6.25,6.0,6.03,25.56,169496445.0
2009-04-15,5.99,6.08,5.92,6.04,25.6,146971641.0
2009-04-16,6.07,6.22,6.02,6.21,26.35,120978188.0
2009-04-17,6.18,6.23,6.12,6.18,26.2,84289391.0
2009-04-20,6.08,6.08,5.91,5.92,25.1,82588213.0
2009-04-22,5.94,6.01,5.86,5.86,24.86,120328803.0
2009-04-23,5.93,6.13,5.87,6.12,25.96,162472975.0
2009-04-24,6.12,6.24,6.1,6.19,26.26,125026570.0
2009-04-27,6.11,6.15,5.97,5.97,25.33,89203614.0
2009-04-28,5.89,6.12,5.85,6.04,25.6,122010556.0
2009-04-29,6.11,6.39,6.08,6.39,27.12,202949425.0
2009-04-30,6.48,6.52,6.34,6.39,27.09,150001916.0
2009-05-04,6.54,6.7,6.37,6.7,28.4,166271438.0
2009-05-05,6.65,6.9,6.64,6.87,29.1,185333354.0
2009-05-06,6.91,7.11,6.89,6.96,29.51,252063311.0
2009-05-07,6.97,7.03,6.59,6.66,28.22,219480490.0
2009-05-08,6.84,6.85,6.61,6.84,29.0,170247611.0
2009-05-11,6.79,6.79,6.55,6.66,28.25,169007697.0
2009-05-12,6.7,6.72,6.49,6.58,27.88,171435257.0
2009-05-13,6.48,6.48,6.32,6.33,26.85,153689400.0
2009-05-14,6.32,6.52,6.3,6.45,27.36,93777126.0
2009-05-15,6.44,6.49,6.36,6.42,27.2,99098711.0
2009-05-18,6.53,6.77,6.52,6.75,28.6,108970282.0
2009-05-19,6.76,6.81,6.66,6.72,28.5,123455031.0
2009-05-20,6.72,6.88,6.71,6.74,28.55,184711870.0
2009-05-21,6.67,6.74,6.6,6.67,28.29,118452736.0
2009-05-22,6.76,6.85,6.59,6.75,28.61,119838277.0
2009-05-25,6.75,6.85,6.72,6.83,28.95,31601644.0
2009-05-26,6.77,7.04,6.72,6.98,29.57,133515507.0
2009-05-27,6.98,7.16,6.95,6.98,29.6,136917810.0
2009-05-28,7.07,7.2,7.02,7.17,30.39,131248795.0
2009-05-29,7.24,7.25,6.95,7.15,30.3,338169242.0
2009-06-01,7.26,7.36,7.16,7.27,30.83,161138940.0
2009-06-02,7.2,7.41,7.08,7.14,30.24,138145307.0
2009-06-03,7.08,7.11,6.75,6.96,29.47,212553757.0
2009-06-04,7.03,7.07,6.85,7.07,29.96,103616717.0
2009-06-05,7.22,7.24,6.96,7.02,29.73,137075215.0
2009-06-08,6.94,7.14,6.92,7.08,30.01,80566489.0
2009-06-09,7.15,7.19,6.94,7.02,29.73,75853203.0
2009-06-10,7.13,7.13,6.93,7.07,29.94,84089639.0
2009-06-12,7.12,7.25,7.05,7.2,30.51,128892218.0
2009-06-15,7.06,7.11,6.83,7.0,29.65,117401782.0
2009-06-16,7.02,7.11,6.93,6.97,29.55,87914992.0
2009-06-17,6.9,6.96,6.82,6.91,29.27,125322375.0
2009-06-18,6.93,6.94,6.8,6.86,29.08,97268405.0
2009-06-19,6.93,7.0,6.85,6.93,29.36,96104769.0
2009-06-22,6.86,6.88,6.66,6.7,28.4,120880395.0
2009-06-23,6.76,6.76,6.5,6.54,27.7,217715697.0
2009-06-24,6.49,6.61,6.48,6.54,27.7,1005714914.0
2009-06-25,6.54,6.79,6.54,6.75,28.59,153640329.0
2009-06-26,6.77,6.9,6.75,6.82,28.9,163732936.0
2009-06-29,6.92,6.97,6.8,6.89,29.2,105796286.0
2009-06-30,6.94,6.95,6.8,6.84,28.98,133214452.0
2009-07-01,6.87,6.92,6.79,6.82,28.9,166122778.0
2009-07-02,6.73,6.79,6.67,6.71,28.4,178043518.0
2009-07-03,6.74,6.74,6.61,6.64,28.1,55623968.0
2009-07-06,6.58,6.68,6.56,6.65,27.96,128700858.0
2009-07-07,6.68,6.68,6.55,6.6,27.75,180647580.0
2009-07-08,6.55,6.61,6.36,6.43,27.05,260723038.0
2009-07-10,6.42,6.45,6.31,6.39,26.87,151524890.0
2009-07-13,6.45,6.52,6.36,6.47,27.21,143942369.0
2009-07-14,6.51,6.51,6.36,6.45,27.13,191865991.0
2009-07-15,6.52,6.77,6.49,6.73,28.3,135466889.0
2009-07-16,6.66,6.82,6.63,6.77,28.5,101976775.0
2009-07-17,6.76,6.84,6.7,6.79,28.56,127725047.0
2009-07-20,6.86,6.98,6.86,6.98,29.35,141917069.0
2009-07-21,7.01,7.03,6.87,6.9,29.05,140459074.0
2009-07-22,6.84,7.03,6.83,6.93,29.17,111422420.0
2009-07-23,7.01,7.2,6.95,7.1,29.88,270678242.0
2009-07-24,7.06,7.18,7.06,7.16,30.12,84771137.0
2009-07-27,7.17,7.21,7.1,7.15,30.1,101713609.0
2009-07-28,7.09,7.13,6.99,7.12,29.96,100234808.0
2009-07-29,7.05,7.06,6.92,7.0,29.45,114013951.0
2009-07-30,7.13,7.16,7.06,7.08,29.77,105414600.0
2009-07-31,7.05,7.12,6.95,7.02,29.55,103925230.0
2009-08-03,7.13,7.2,7.09,7.17,30.15,137418281.0
2009-08-04,7.15,7.2,7.06,7.09,29.82,232815705.0
2009-08-05,7.12,7.24,6.96,7.22,30.35,281547243.0
2009-08-06,7.24,7.29,7.09,7.12,29.95,175274297.0
2009-08-07,7.17,7.39,7.17,7.28,30.6,237497810.0
2009-08-10,7.25,7.35,7.22,7.35,30.9,125037601.0
2009-08-11,7.31,7.32,7.1,7.13,29.99,224027565.0
2009-08-12,7.13,7.25,7.12,7.21,30.3,151356761.0
2009-08-13,7.25,7.25,7.05,7.13,29.97,149608119.0
2009-08-14,7.1,7.11,6.91,7.08,29.75,169953128.0
2009-08-17,6.92,6.96,6.88,6.88,28.91,104369031.0
2009-08-18,6.93,7.04,6.91,6.99,29.38,123353696.0
2009-08-19,6.92,7.1,6.88,7.08,29.75,137113046.0
2009-08-20,7.1,7.19,7.06,7.19,30.25,129984618.0
2009-08-21,7.23,7.28,7.16,7.21,30.3,180775144.0
2009-08-24,7.23,7.39,7.17,7.17,30.16,175389500.0
2009-08-25,7.22,7.35,7.17,7.23,30.4,175504883.0
2009-08-26,7.23,7.38,7.22,7.35,30.9,181102351.0
2009-08-27,7.36,7.38,7.22,7.35,30.9,160764404.0
2009-08-28,7.35,7.47,7.35,7.4,31.1,138362224.0
2009-08-31,7.34,7.34,7.22,7.31,30.75,113147625.0
2009-09-01,7.32,7.37,7.17,7.23,30.4,98980893.0
2009-09-02,7.2,7.27,7.16,7.17,30.12,105081983.0
2009-09-03,7.19,7.25,7.13,7.19,30.2,79175363.0
2009-09-04,7.22,7.41,7.19,7.41,31.13,105238169.0
2009-09-08,7.49,7.51,7.38,7.5,31.53,87318139.0
2009-09-09,7.47,7.57,7.44,7.55,31.73,90803010.0
2009-09-10,7.53,7.64,7.46,7.6,31.95,113264372.0
2009-09-11,7.61,7.71,7.61,7.69,32.34,81508128.0
2009-09-14,7.64,7.73,7.57,7.73,32.5,78319706.0
2009-09-15,7.73,7.84,7.67,7.82,32.85,105337445.0
2009-09-16,7.84,7.99,7.83,7.97,33.5,134787231.0
2009-09-17,7.93,8.11,7.88,8.0,33.62,128043535.0
2009-09-18,7.95,8.07,7.92,8.03,33.75,108721496.0
2009-09-21,7.94,8.0,7.88,7.96,33.47,110660723.0
2009-09-22,8.01,8.09,7.97,7.99,33.6,127202450.0
2009-09-23,8.01,8.07,7.84,7.86,33.02,121722481.0
2009-09-24,7.89,7.92,7.7,7.8,32.79,100703230.0
2009-09-25,7.75,7.9,7.71,7.85,33.0,76915649.0
2009-09-28,7.89,8.02,7.85,8.0,33.63,75267024.0
2009-09-29,8.02,8.24,8.02,8.21,34.5,204313118.0
2009-09-30,8.29,8.49,8.2,8.39,35.25,288673008.0
2009-10-01,8.33,8.48,8.26,8.33,35.03,204783152.0
2009-10-02,8.28,8.5,8.24,8.43,35.43,264088967.0
2009-10-05,8.5,8.74,8.43,8.72,36.65,241514844.0
2009-10-06,8.83,8.89,8.52,8.6,36.11,316461205.0
2009-10-07,8.52,8.6,8.25,8.25,34.67,375104905.0
2009-10-08,8.38,8.52,8.31,8.46,35.55,300120183.0
2009-10-09,8.4,8.6,8.4,8.55,35.9,143073347.0
2009-10-13,8.53,8.64,8.52,8.64,36.3,112147107.0
2009-10-14,8.74,8.9,8.74,8.85,37.2,230791717.0
2009-10-15,8.84,8.86,8.69,8.85,37.18,143940008.0
2009-10-16,8.67,8.85,8.6,8.73,36.66,162210228.0
2009-10-19,8.77,8.86,8.71,8.79,36.93,117528834.0
2009-10-20,8.62,8.68,8.33,8.57,36.0,323061334.0
2009-10-21,8.55,8.8,8.55,8.57,36.0,193419356.0
2009-10-22,8.62,8.88,8.57,8.79,36.91,132300084.0
2009-10-23,8.93,9.02,8.67,8.7,36.55,166825437.0
2009-10-26,8.73,8.78,8.59,8.63,36.25,91642153.0
2009-10-27,8.69,8.69,8.45,8.47,35.59,109308641.0
2009-10-28,8.43,8.58,8.01,8.01,33.65,227972486.0
2009-10-29,8.14,8.56,8.14,8.47,35.6,152143450.0
2009-10-30,8.5,8.59,8.11,8.23,34.56,175782206.0
2009-11-03,8.15,8.52,8.15,8.4,35.3,204867485.0
2009-11-04,8.36,8.39,8.27,8.34,35.03,312254226.0
2009-11-05,8.35,8.42,8.3,8.39,35.25,140948829.0
2009-11-06,8.45,8.45,8.2,8.33,34.99,128390446.0
2009-11-09,8.45,8.5,8.39,8.45,35.5,152748143.0
2009-11-10,8.48,8.52,8.37,8.5,35.7,176486102.0
2009-11-11,8.57,8.6,8.41,8.49,35.65,139835381.0
2009-11-12,8.48,8.55,8.26,8.31,34.9,136050249.0
2009-11-13,8.35,8.45,8.25,8.38,35.2,172753022.0
2009-11-16,8.52,8.58,8.44,8.57,36.0,141740119.0
2009-11-17,8.54,8.67,8.47,8.67,36.4,167373737.0
2009-11-18,8.69,8.73,8.57,8.58,36.04,134189360.0
2009-11-19,8.53,8.53,8.31,8.4,35.28,149792734.0
2009-11-23,8.48,8.6,8.45,8.54,35.85,121444679.0
2009-11-24,8.5,8.62,8.38,8.62,36.2,127118966.0
2009-11-25,8.62,8.72,8.58,8.66,36.35,164452451.0
2009-11-26,8.55,8.62,8.39,8.46,35.54,81502365.0
2009-11-27,8.42,8.53,8.31,8.53,35.81,106663047.0
2009-11-30,8.53,8.69,8.5,8.69,36.5,223412652.0
2009-12-01,8.71,8.94,8.7,8.86,37.2,202261342.0
2009-12-02,8.86,9.05,8.85,8.87,37.25,180215129.0
2009-12-03,8.91,8.98,8.89,8.9,37.35,144740515.0
2009-12-04,8.84,9.06,8.84,8.87,37.25,179618401.0
2009-12-07,8.95,9.25,8.91,9.19,37.99,174892244.0
2009-12-08,9.12,9.14,8.96,9.14,37.79,125611653.0
2009-12-09,9.19,9.21,9.04,9.14,37.78,133727735.0
2009-12-10,9.21,9.28,9.16,9.24,38.21,113732745.0
2009-12-11,9.31,9.34,9.23,9.29,38.41,100953387.0
2009-12-14,9.31,9.36,9.14,9.21,38.1,96362026.0
2009-12-15,9.16,9.32,9.1,9.23,38.17,115283695.0
2009-12-16,9.23,9.26,8.95,8.99,37.19,135140881.0
2009-12-17,8.97,9.02,8.66,8.77,36.28,150317605.0
2009-12-18,8.75,8.85,8.62,8.69,35.95,128240051.0
2009-12-21,8.7,8.81,8.63,8.68,35.9,90930056.0
2009-12-22,8.72,8.82,8.72,8.75,36.2,204895608.0
2009-12-23,8.81,8.84,8.58,8.68,35.9,78094675.0
2009-12-28,8.77,8.79,8.64,8.71,36.04,61517654.0
2009-12-29,8.71,8.78,8.71,8.78,36.3,65852203.0
2009-12-30,8.75,8.9,8.72,8.8,36.38,146716064.0
2010-01-04,8.91,9.17,8.9,9.12,37.7,135315448.0
2010-01-05,9.17,9.2,8.94,9.07,37.5,158923976.0
2010-01-06,9.05,9.11,8.94,9.0,37.2,138860874.0
2010-01-07,8.95,9.01,8.88,8.98,37.1,81487715.0
2010-01-08,9.02,9.02,8.88,8.97,37.06,88655042.0
2010-01-11,8.98,9.04,8.84,8.97,37.09,120032449.0
2010-01-12,8.88,9.05,8.81,9.0,37.2,123911624.0
2010-01-13,9.0,9.06,8.9,9.05,37.4,116338076.0
2010-01-14,9.01,9.07,8.83,8.85,36.6,135616225.0
2010-01-15,8.85,8.9,8.69,8.73,36.08,147629965.0
2010-01-18,8.78,8.87,8.76,8.81,36.4,65193767.0
2010-01-19,8.74,8.98,8.71,8.89,36.73,121580424.0
2010-01-20,8.85,8.87,8.52,8.68,32.6,152579609.0
2010-01-21,8.74,8.75,8.35,8.46,31.78,154431605.0
2010-01-22,8.4,8.52,8.33,8.46,31.78,136430870.0
2010-01-26,8.3,8.54,8.25,8.5,31.94,119623828.0
2010-01-27,8.46,8.48,8.26,8.31,31.23,155056179.0
2010-01-28,8.43,8.48,8.26,8.45,31.76,117087921.0
2010-01-29,8.49,8.57,8.26,8.34,31.33,154223745.0
2010-02-01,8.43,8.51,8.36,8.48,31.86,158000422.0
2010-02-02,8.57,8.67,8.52,8.61,32.35,150389916.0
2010-02-03,8.58,8.71,8.45,8.56,32.15,111053197.0
2010-02-04,8.53,8.53,8.22,8.31,31.2,153746941.0
2010-02-05,8.2,8.35,7.83,8.0,30.05,202966699.0
2010-02-08,8.04,8.14,7.93,7.99,30.0,157085870.0
2010-02-09,8.1,8.41,8.1,8.26,31.02,173725244.0
2010-02-10,8.31,8.37,8.23,8.36,31.4,83227829.0
2010-02-11,8.37,8.55,8.19,8.43,31.62,157974209.0
2010-02-12,8.4,8.47,8.2,8.43,31.61,99466750.0
2010-02-17,8.53,8.66,8.53,8.66,32.5,85489328.0
2010-02-18,8.64,8.65,8.5,8.61,32.3,169213433.0
2010-02-19,8.57,8.61,8.5,8.53,31.99,103262260.0
2010-02-22,8.56,8.58,8.44,8.44,31.65,96043177.0
2010-02-23,8.4,8.41,8.22,8.26,31.0,102928416.0
2010-02-24,8.26,8.3,8.14,8.24,30.9,113379238.0
2010-02-25,8.13,8.33,8.03,8.22,30.85,150462026.0
2010-02-26,8.23,8.32,8.16,8.3,31.15,135997323.0
2010-03-01,8.36,8.43,8.32,8.4,31.5,107522845.0
2010-03-02,8.44,8.52,8.44,8.49,31.85,182470326.0
2010-03-03,8.53,8.62,8.44,8.48,31.8,175686887.0
2010-03-04,8.49,8.56,8.41,8.49,31.85,70251602.0
2010-03-05,8.57,8.58,8.49,8.52,31.95,142243029.0
2010-03-08,8.53,8.56,8.44,8.44,31.65,96732964.0
2010-03-09,8.39,8.6,8.39,8.5,31.87,229691255.0
2010-03-10,8.52,8.67,8.51,8.53,31.98,135699690.0
2010-03-11,8.49,8.59,8.44,8.57,32.15,72887438.0
2010-03-12,8.62,8.63,8.47,8.49,31.82,91049869.0
2010-03-15,8.45,8.55,8.41,8.47,31.75,80930696.0
2010-03-16,8.44,8.6,8.44,8.54,32.03,107098002.0
2010-03-17,8.6,8.61,8.39,8.47,31.75,155506425.0
2010-03-18,8.47,8.48,8.32,8.46,31.71,111118065.0
2010-03-19,8.52,8.52,8.3,8.4,31.5,115641628.0
2010-03-22,8.33,8.43,8.3,8.43,31.59,110897175.0
2010-03-23,8.51,8.51,8.25,8.3,31.12,121966493.0
2010-03-24,8.25,8.32,8.21,8.21,30.77,98360395.0
2010-03-25,8.29,8.43,8.24,8.32,31.21,131076172.0
2010-03-26,8.33,8.42,8.3,8.37,31.4,74811369.0
2010-03-29,8.43,8.54,8.37,8.53,32.0,113621711.0
2010-03-30,8.55,8.63,8.5,8.61,32.27,129968431.0
2010-03-31,8.57,8.76,8.53,8.75,32.8,158322349.0
2010-04-01,8.8,8.92,8.79,8.85,33.18,148967189.0
2010-04-05,8.85,8.91,8.83,8.85,33.15,81984519.0
2010-04-06,8.76,8.88,8.72,8.73,32.73,91772685.0
2010-04-07,8.73,8.75,8.68,8.75,32.77,76596060.0
2010-04-08,8.7,9.02,8.68,9.02,33.8,150080994.0
2010-04-09,9.03,9.06,8.93,9.01,33.75,162092550.0
2010-04-12,8.96,9.05,8.87,8.89,33.3,158028142.0
2010-04-13,8.89,8.94,8.81,8.81,33.0,102048899.0
2010-04-14,8.81,8.88,8.73,8.83,33.1,121598030.0
2010-04-15,8.83,8.86,8.69,8.72,32.66,140395685.0
2010-04-16,8.68,8.69,8.47,8.53,31.98,169996262.0
2010-04-19,8.49,8.56,8.35,8.46,31.7,106699950.0
2010-04-20,8.49,8.53,8.42,8.51,31.88,84663222.0
2010-04-22,8.45,8.53,8.33,8.51,31.9,122141271.0
2010-04-23,8.49,8.51,8.4,8.45,31.68,96478096.0
2010-04-26,8.49,8.49,8.34,8.34,31.25,87230182.0
2010-04-27,8.28,8.38,8.14,8.21,30.75,165421527.0
2010-04-28,8.33,8.39,8.22,8.35,31.3,174756291.0
2010-04-29,8.39,8.58,8.38,8.52,31.92,116139857.0
2010-04-30,8.48,8.6,8.41,8.49,31.81,137186805.0
2010-05-03,8.44,8.6,8.42,8.45,31.65,91180590.0
2010-05-04,8.38,8.39,8.17,8.24,30.87,173562405.0
2010-05-05,8.09,8.43,8.05,8.27,30.96,169408842.0
2010-05-06,8.25,8.42,7.88,8.28,31.0,231621758.0
2010-05-07,8.26,8.3,7.93,8.2,30.7,160239276.0
2010-05-10,8.49,8.58,8.44,8.45,31.66,115424156.0
2010-05-11,8.34,8.54,8.34,8.37,31.35,96850130.0
2010-05-12,8.41,8.5,8.37,8.46,31.68,125874276.0
2010-05-13,8.46,8.49,8.32,8.33,31.2,77246193.0
2010-05-14,8.25,8.28,8.13,8.22,30.8,80195353.0
2010-05-17,8.22,8.34,8.05,8.27,30.95,97251921.0
2010-05-18,8.31,8.37,8.04,8.06,30.2,105597056.0
2010-05-19,7.96,7.96,7.77,7.82,29.3,178620884.0
2010-05-20,7.7,7.85,7.64,7.7,28.85,155375548.0
2010-05-21,7.74,8.08,7.66,8.06,30.2,179732145.0
2010-05-24,8.06,8.06,7.91,7.98,29.89,115495171.0
2010-05-25,7.75,7.8,7.5,7.66,28.67,335841209.0
2010-05-26,7.73,7.77,7.56,7.64,28.62,362922500.0
2010-05-27,7.79,7.93,7.75,7.9,29.59,144743050.0
2010-05-28,7.88,7.92,7.76,7.88,29.5,104141926.0
2010-05-31,7.96,8.12,7.9,8.12,30.4,113641296.0
2010-06-01,7.96,8.1,7.85,7.95,29.77,113324421.0
2010-06-02,7.98,8.16,7.95,8.1,30.3,100777279.0
2010-06-04,8.01,8.1,7.94,8.02,30.0,82832889.0
2010-06-07,7.99,8.12,7.83,7.86,29.4,87492379.0
2010-06-08,7.93,7.95,7.78,7.89,29.53,111142100.0
2010-06-09,7.95,7.99,7.78,7.79,29.17,112109240.0
2010-06-10,7.85,8.03,7.85,7.98,29.85,101083516.0
2010-06-11,7.95,8.09,7.85,8.06,30.15,97987324.0
2010-06-14,8.12,8.15,7.96,7.96,29.8,58589983.0
2010-06-15,8.01,8.17,7.97,8.12,30.4,40793735.0
2010-06-16,8.06,8.26,8.05,8.2,30.7,106400605.0
2010-06-17,8.18,8.26,8.06,8.11,30.35,83760463.0
2010-06-18,8.12,8.24,8.08,8.24,30.83,88514760.0
2010-06-21,8.28,8.32,8.23,8.28,30.99,66035048.0
2010-06-22,8.26,8.36,8.19,8.2,30.7,105794443.0
2010-06-23,8.19,8.26,8.09,8.23,30.8,81346613.0
2010-06-24,8.2,8.21,7.95,7.99,29.89,101978227.0
2010-06-25,7.95,8.08,7.88,8.08,30.22,55971247.0
2010-06-28,8.04,8.12,8.0,8.0,29.92,61476611.0
2010-06-29,7.9,7.91,7.62,7.68,28.56,159134723.0
2010-06-30,7.69,7.81,7.56,7.56,28.11,168185485.0
2010-07-01,7.59,7.9,7.54,7.9,29.37,200789815.0
2010-07-02,7.95,8.04,7.77,7.97,29.61,88675886.0
2010-07-05,7.91,8.01,7.84,7.84,29.16,56046080.0
2010-07-06,7.97,8.1,7.92,8.1,30.1,91055493.0
2010-07-07,8.1,8.48,8.1,8.48,31.52,211667621.0
2010-07-08,8.47,8.73,8.44,8.67,32.22,222303437.0
2010-07-12,8.76,8.8,8.58,8.6,31.95,153344655.0
2010-07-13,8.68,8.74,8.62,8.7,32.35,90278081.0
2010-07-14,8.67,8.76,8.62,8.69,29.36,119077009.0
2010-07-15,8.66,8.78,8.61,8.69,29.34,94393749.0
2010-07-16,8.7,8.75,8.5,8.54,28.84,81651489.0
2010-07-19,8.58,8.77,8.54,8.73,29.49,89559017.0
2010-07-20,8.68,8.91,8.67,8.86,29.93,141675944.0
2010-07-21,8.95,8.96,8.78,8.79,29.7,96909993.0
2010-07-22,8.91,9.09,8.91,9.05,30.57,156485932.0
2010-07-23,9.06,9.13,8.98,9.12,30.8,88821345.0
2010-07-26,9.13,9.2,9.06,9.09,30.71,70313432.0
2010-07-27,9.17,9.22,9.09,9.12,30.81,114061338.0
2010-07-28,9.19,9.58,9.14,9.53,32.2,332895565.0
2010-07-29,9.5,9.62,9.42,9.53,32.19,129212827.0
2010-07-30,9.44,9.61,9.33,9.55,32.25,180070240.0
2010-08-02,9.62,9.68,9.53,9.61,32.45,144313041.0
2010-08-03,9.53,9.57,9.43,9.45,31.9,146198859.0
2010-08-04,9.48,9.52,9.32,9.38,31.68,158996283.0
2010-08-05,9.35,9.49,9.29,9.4,31.75,144033846.0
2010-08-06,9.36,9.45,9.33,9.42,31.8,154290213.0
2010-08-09,9.45,9.54,9.45,9.48,32.0,129481716.0
2010-08-10,9.43,9.45,9.33,9.35,31.57,134285454.0
2010-08-11,9.29,9.29,9.09,9.17,30.95,119000550.0
2010-08-12,9.13,9.22,9.06,9.18,31.0,123545596.0
2010-08-13,9.18,9.33,9.16,9.16,30.91,155524290.0
2010-08-16,9.12,9.29,9.12,9.27,31.28,82976790.0
2010-08-17,9.25,9.34,9.24,9.32,31.45,90723756.0
2010-08-18,9.29,9.42,9.26,9.42,31.8,109197557.0
2010-08-19,9.41,9.47,9.26,9.26,31.25,72322706.0
2010-08-20,9.24,9.29,9.18,9.23,31.15,56216697.0
2010-08-23,9.24,9.32,9.19,9.23,31.15,72875306.0
2010-08-24,9.14,9.17,8.96,9.02,30.45,124147383.0
2010-08-25,9.0,9.02,8.84,8.89,30.0,156027973.0
2010-08-26,8.94,8.99,8.74,8.75,29.55,127050088.0
2010-08-27,8.82,9.0,8.74,8.99,30.35,161117292.0
2010-08-30,8.97,8.99,8.78,8.78,29.65,143706573.0
2010-08-31,8.8,9.02,8.79,9.02,30.46,277785696.0
2010-09-01,9.1,9.36,9.09,9.34,31.54,217957745.0
2010-09-02,9.31,9.32,9.13,9.13,30.81,97554817.0
2010-09-03,9.22,9.26,9.05,9.05,30.54,129932568.0
2010-09-06,9.08,9.13,8.95,9.0,30.36,21739762.0
2010-09-08,9.1,9.19,8.92,9.11,30.74,217019875.0
2010-09-09,9.13,9.21,9.11,9.18,30.98,180652550.0
2010-09-10,9.13,9.22,9.11,9.14,30.85,101792483.0
2010-09-13,9.28,9.53,9.27,9.51,32.1,232782250.0
2010-09-14,9.45,9.63,9.43,9.56,32.25,136322080.0
2010-09-15,9.53,9.62,9.43,9.62,32.46,156406047.0
2010-09-16,9.55,9.6,9.49,9.54,32.2,86350280.0
2010-09-17,9.56,9.62,9.43,9.44,31.85,86058444.0
2010-09-20,9.48,9.61,9.47,9.6,32.4,154357795.0
2010-09-21,9.6,9.62,9.43,9.51,32.08,135037746.0
2010-09-22,9.44,9.65,9.44,9.57,32.3,174810779.0
2010-09-23,9.51,9.85,9.48,9.69,32.7,256751800.0
2010-09-24,9.78,9.78,9.48,9.57,32.3,242210558.0
2010-09-27,9.62,9.68,9.51,9.68,32.65,111253521.0
2010-09-28,9.69,9.79,9.59,9.69,32.69,116617360.0
2010-09-29,9.67,9.96,9.62,9.96,33.6,240728238.0
2010-09-30,9.97,10.06,9.86,10.05,33.92,181095291.0
2010-10-01,10.05,10.21,9.99,10.17,34.31,176777429.0
2010-10-04,10.11,10.18,10.07,10.12,34.13,131470504.0
2010-10-05,10.17,10.4,10.15,10.38,34.99,174877290.0
2010-10-06,10.36,10.43,10.28,10.34,34.85,196883066.0
2010-10-07,10.38,10.39,10.23,10.33,34.83,117115732.0
2010-10-08,10.31,10.57,10.28,10.56,35.62,136431298.0
2010-10-11,10.56,10.63,10.47,10.53,35.5,65530026.0
2010-10-13,10.63,10.78,10.55,10.75,36.24,248506703.0
2010-10-14,10.73,10.76,10.59,10.71,36.12,203004520.0
2010-10-15,10.72,10.76,10.58,10.62,35.81,218768380.0
2010-10-18,10.54,10.76,10.5,10.66,35.96,200532140.0
2010-10-19,10.47,10.7,10.39,10.47,35.3,209698554.0
2010-10-20,10.53,10.71,10.41,10.66,35.94,157057312.0
2010-10-21,10.63,10.8,10.47,10.47,35.3,152317786.0
2010-10-22,10.6,10.66,10.49,10.6,35.75,165793050.0
2010-10-25,10.68,10.82,10.59,10.73,36.19,165682874.0
2010-10-26,10.72,10.94,10.67,10.94,36.9,208021374.0
2010-10-27,10.78,10.79,10.44,10.45,35.25,372357261.0
2010-10-28,10.53,10.53,10.33,10.33,34.84,138304462.0
2010-10-29,10.34,10.41,10.29,10.39,35.05,186480348.0
2010-11-01,10.41,10.76,10.41,10.68,36.0,156600712.0
2010-11-03,10.8,10.96,10.76,10.82,36.47,288103151.0
2010-11-04,10.89,10.98,10.82,10.93,36.85,195005828.0
2010-11-05,10.89,11.03,10.86,10.95,36.91,152927633.0
2010-11-08,10.93,11.03,10.89,11.01,37.1,95601677.0
2010-11-09,11.02,11.04,10.68,10.68,36.0,218204805.0
2010-11-10,10.67,10.85,10.63,10.83,36.5,178934659.0
2010-11-11,10.72,10.77,10.56,10.56,35.6,122621276.0
2010-11-12,10.53,10.59,10.37,10.52,35.46,222002170.0
2010-11-16,10.48,10.62,10.24,10.41,35.07,185412664.0
2010-11-17,10.41,10.45,10.28,10.32,34.78,112532190.0
2010-11-18,10.51,10.51,10.37,10.38,34.97,197526706.0
2010-11-19,10.35,10.5,10.28,10.47,35.29,125098044.0
2010-11-22,10.47,10.47,10.17,10.25,34.55,165598039.0
2010-11-23,10.14,10.18,10.0,10.06,33.92,219090091.0
2010-11-24,10.15,10.42,10.15,10.28,34.65,225868981.0
2010-11-25,10.32,10.36,10.22,10.25,34.53,92570043.0
2010-11-26,10.15,10.21,10.07,10.16,34.25,149182579.0
2010-11-29,10.13,10.15,9.98,10.13,34.15,133657129.0
2010-11-30,10.11,10.17,9.96,9.96,33.57,294393558.0
2010-12-01,10.07,10.3,10.07,10.18,34.31,147377427.0
2010-12-02,10.27,10.37,10.25,10.29,34.65,128091177.0
2010-12-03,10.27,10.27,10.03,10.08,33.95,162695776.0
2010-12-06,10.06,10.11,9.9,9.9,33.35,114746289.0
2010-12-07,10.05,10.12,9.94,9.94,32.95,131270754.0
2010-12-08,9.94,9.96,9.81,9.92,32.86,104690428.0
2010-12-09,9.94,9.95,9.77,9.82,32.55,125473008.0
2010-12-10,9.87,9.9,9.72,9.79,32.45,121594257.0
2010-12-13,9.87,9.96,9.78,9.9,32.82,164337083.0
2010-12-14,9.93,9.97,9.79,9.94,32.95,136428625.0
2010-12-15,9.89,9.93,9.8,9.84,32.59,126028285.0
2010-12-16,9.84,9.93,9.67,9.69,32.1,131089112.0
2010-12-17,9.69,9.78,9.66,9.72,32.2,160216189.0
2010-12-20,9.78,9.8,9.61,9.61,31.7,147098553.0
2010-12-21,9.69,9.82,9.64,9.76,32.21,226352042.0
2010-12-22,9.81,9.96,9.65,9.96,32.85,204666491.0
2010-12-23,9.93,10.04,9.87,9.92,32.72,161733184.0
2010-12-27,9.83,9.9,9.72,9.72,32.06,85826480.0
2010-12-28,9.8,9.8,9.64,9.7,32.0,65630007.0
2010-12-29,9.73,9.88,9.71,9.84,32.48,132552680.0
2010-12-30,9.85,9.91,9.81,9.9,32.65,115846896.0
2011-01-03,10.04,10.14,9.97,10.01,33.04,128550380.0
2011-01-04,10.1,10.18,9.98,10.11,33.33,131348384.0
2011-01-05,10.06,10.31,10.02,10.3,33.95,175973940.0
2011-01-06,10.23,10.28,9.99,10.02,33.05,229647631.0
2011-01-07,10.0,10.07,9.77,9.85,32.49,146402663.0
2011-01-10,9.84,9.87,9.68,9.87,32.55,172469797.0
2011-01-11,9.94,9.99,9.89,9.92,32.72,148773912.0
2011-01-12,9.99,10.12,9.98,10.12,33.36,179713475.0
2011-01-13,10.16,10.18,9.99,9.99,32.95,142060214.0
2011-01-14,9.99,10.11,9.92,10.09,33.26,127916412.0
2011-01-17,10.06,10.06,9.93,9.95,32.8,116105691.0
2011-01-18,9.99,10.01,9.89,9.96,32.83,209363445.0
2011-01-19,9.95,10.01,9.79,9.84,32.44,176494169.0
2011-01-20,9.77,9.79,9.55,9.66,31.86,251499340.0
2011-01-21,9.69,9.95,9.58,9.58,31.6,163423468.0
2011-01-24,9.61,9.76,9.59,9.73,32.09,96039663.0
2011-01-26,9.73,9.82,9.67,9.67,31.9,160958703.0
2011-01-27,9.66,9.78,9.47,9.71,32.03,183963837.0
2011-01-28,9.73,9.73,9.27,9.48,31.27,248192624.0
2011-01-31,9.55,9.56,9.31,9.34,30.8,173144600.0
2011-02-01,9.42,9.48,9.35,9.35,30.84,178950061.0
2011-02-02,9.35,9.48,9.23,9.24,30.45,224155710.0
2011-02-03,9.3,9.31,9.12,9.17,30.21,119245629.0
2011-02-04,9.13,9.16,8.86,8.86,29.2,288635205.0
2011-02-07,8.95,9.01,8.82,8.95,29.5,170546331.0
2011-02-08,8.92,9.3,8.91,9.2,30.3,258437832.0
2011-02-09,9.15,9.22,9.01,9.03,29.74,197926863.0
2011-02-10,9.03,9.17,9.03,9.04,29.8,172606326.0
2011-02-11,9.12,9.42,9.03,9.38,30.9,166615065.0
2011-02-14,9.34,9.51,9.3,9.43,30.98,116679510.0
2011-02-15,9.37,9.58,9.33,9.55,31.39,181803819.0
2011-02-16,9.56,9.86,9.55,9.81,32.24,250900075.0
2011-02-17,9.88,9.89,9.74,9.83,32.28,137693644.0
2011-02-18,9.76,9.9,9.75,9.77,32.1,114363817.0
2011-02-21,9.75,9.77,9.63,9.64,31.68,82188083.0
2011-02-22,9.59,9.65,9.3,9.4,30.88,209391374.0
2011-02-23,9.44,9.52,9.27,9.44,31.0,181267630.0
2011-02-24,9.47,9.65,9.36,9.49,31.17,209967185.0
2011-02-25,9.54,9.63,9.3,9.52,31.29,225189241.0
2011-02-28,9.58,9.79,9.54,9.74,32.0,249420481.0
2011-03-01,9.74,9.8,9.56,9.59,31.5,150140323.0
2011-03-02,9.59,9.67,9.5,9.58,31.47,120520183.0
2011-03-03,9.62,9.79,9.61,9.76,32.03,100088930.0
2011-03-04,9.69,9.89,9.67,9.78,32.1,84211659.0
2011-03-09,9.64,9.68,9.53,9.56,31.38,83114145.0
2011-03-10,9.37,9.4,9.2,9.2,30.22,171511236.0
2011-03-11,9.2,9.3,9.13,9.29,30.5,181231325.0
2011-03-14,9.26,9.41,9.21,9.35,30.69,109882146.0
2011-03-15,9.14,9.48,9.12,9.44,30.99,186516870.0
2011-03-16,9.46,9.51,9.15,9.26,30.4,203824460.0
2011-03-17,9.35,9.38,9.17,9.26,30.4,128290827.0
2011-03-18,9.3,9.46,9.3,9.38,30.8,156090316.0
2011-03-21,9.47,9.52,9.41,9.46,31.07,125612265.0
2011-03-22,9.39,9.79,9.39,9.78,32.1,188568501.0
2011-03-23,9.72,9.79,9.63,9.65,31.67,127722598.0
2011-03-24,9.63,9.73,9.63,9.64,31.65,104084125.0
2011-03-25,9.71,9.71,9.58,9.63,31.62,102684749.0
2011-03-28,9.62,9.71,9.58,9.59,31.49,250913431.0
2011-03-29,9.62,9.68,9.55,9.58,31.47,152225276.0
2011-03-30,9.64,9.88,9.61,9.88,32.45,144020916.0
2011-03-31,9.88,10.18,9.87,10.16,33.35,261426636.0
2011-04-01,10.18,10.34,10.13,10.2,33.5,191090587.0
2011-04-04,10.22,10.23,10.05,10.12,33.2,133290308.0
2011-04-05,10.1,10.18,10.02,10.07,33.04,134163049.0
2011-04-06,10.12,10.16,10.02,10.03,32.91,93630640.0
2011-04-07,10.03,10.15,10.03,10.1,33.15,177638434.0
2011-04-08,10.04,10.07,9.85,9.89,32.45,219256436.0
2011-04-11,9.93,9.93,9.77,9.83,32.24,100991703.0
2011-04-12,9.74,9.78,9.62,9.71,31.85,125746352.0
2011-04-13,9.84,9.84,9.65,9.73,31.92,108550389.0
2011-04-14,9.74,9.76,9.57,9.64,31.64,118210646.0
2011-04-15,9.66,9.68,9.51,9.6,31.5,123985339.0
2011-04-18,9.54,9.61,9.31,9.58,31.43,143762817.0
2011-04-19,9.6,9.72,9.59,9.65,31.66,104341048.0
2011-04-20,9.79,9.82,9.68,9.82,32.23,169363171.0
2011-04-25,9.77,9.86,9.71,9.81,32.18,76795230.0
2011-04-26,9.8,9.93,9.79,9.86,32.36,110740067.0
2011-04-27,9.86,9.94,9.61,9.71,31.85,224631804.0
2011-04-28,9.65,9.69,9.38,9.47,31.08,192020406.0
2011-04-29,9.42,9.58,9.39,9.57,31.41,142213201.0
2011-05-02,9.47,9.66,9.42,9.49,31.14,106436603.0
2011-05-03,9.45,9.48,9.19,9.21,30.2,191408647.0
2011-05-04,9.27,9.32,9.16,9.2,30.18,174514586.0
2011-05-05,9.15,9.38,9.15,9.26,30.37,152166628.0
2011-05-06,9.42,9.48,9.31,9.45,31.0,162010360.0
2011-05-09,9.48,9.55,9.36,9.49,31.12,124038368.0
2011-05-10,9.56,9.69,9.54,9.64,31.61,158841660.0
2011-05-11,9.59,9.61,9.52,9.59,31.47,152696894.0
2011-05-12,9.52,9.71,9.47,9.62,31.56,146769071.0
2011-05-13,9.6,9.66,9.35,9.38,30.75,118934133.0
2011-05-16,9.39,9.48,9.26,9.29,30.47,90990628.0
2011-05-17,9.29,9.37,9.16,9.34,30.65,230643251.0
2011-05-18,9.34,9.38,9.1,9.1,29.85,178675334.0
2011-05-19,9.16,9.26,9.09,9.1,29.85,116056272.0
2011-05-20,9.14,9.18,9.07,9.1,29.85,120729203.0
2011-05-23,9.02,9.23,8.99,9.11,29.88,112677513.0
2011-05-24,9.15,9.29,9.13,9.29,30.46,123532380.0
2011-05-25,9.26,9.27,9.16,9.2,30.18,69132761.0
2011-05-26,9.25,9.47,9.24,9.47,31.06,156679495.0
2011-05-27,9.49,9.55,9.44,9.46,31.04,129261637.0
2011-05-30,9.52,9.52,9.41,9.41,30.86,34098587.0
2011-05-31,9.48,9.51,9.33,9.46,31.02,171052290.0
2011-06-01,9.38,9.48,9.26,9.3,30.51,173387931.0
2011-06-02,9.34,9.36,9.15,9.36,30.7,201273240.0
2011-06-03,9.27,9.54,9.22,9.41,30.85,214049176.0
2011-06-06,9.46,9.46,9.22,9.26,30.35,149355927.0
2011-06-07,9.31,9.51,9.22,9.44,30.95,235779029.0
2011-06-08,9.4,9.49,9.32,9.42,30.89,115916998.0
2011-06-09,9.4,9.44,9.29,9.35,30.66,93647331.0
2011-06-10,9.35,9.35,9.18,9.22,30.22,141738591.0
2011-06-13,9.23,9.35,9.21,9.23,30.25,96149748.0
2011-06-14,9.29,9.39,9.27,9.31,30.53,118908678.0
2011-06-15,9.24,9.42,9.21,9.38,30.74,165227359.0
2011-06-16,9.32,9.4,9.13,9.27,30.4,152475862.0
2011-06-17,9.31,9.33,9.14,9.24,30.3,104788798.0
2011-06-20,9.2,9.32,9.16,9.27,30.4,109799384.0
2011-06-21,9.27,9.31,9.2,9.28,30.42,92284567.0
2011-06-22,9.26,9.46,9.22,9.35,30.65,124602753.0
2011-06-24,9.35,9.37,9.23,9.28,30.43,120132179.0
2011-06-27,9.3,9.39,9.22,9.33,30.58,115396284.0
2011-06-28,9.37,9.62,9.34,9.6,31.3,143675003.0
2011-06-29,9.67,9.72,9.59,9.68,31.55,111309933.0
2011-06-30,9.73,9.76,9.64,9.72,31.7,104786935.0
2011-07-01,9.71,9.82,9.6,9.75,31.8,176860239.0
2011-07-04,9.75,9.91,9.72,9.9,32.25,93442107.0
2011-07-05,9.88,9.88,9.77,9.86,32.14,194916979.0
2011-07-06,9.79,9.86,9.68,9.74,31.75,135072605.0
2011-07-07,9.76,9.83,9.59,9.61,31.3,135184152.0
2011-07-08,9.54,9.57,9.42,9.45,30.78,137336203.0
2011-07-11,9.33,9.39,9.11,9.16,29.85,211523966.0
2011-07-12,9.19,9.25,8.96,8.96,29.2,292028156.0
2011-07-13,9.02,9.31,8.99,9.19,29.94,349021574.0
2011-07-14,9.19,9.19,8.92,8.97,29.22,242115328.0
2011-07-15,8.98,9.11,8.81,8.82,28.74,199606811.0
2011-07-18,8.76,8.8,8.55,8.62,28.1,223302398.0
2011-07-19,8.69,8.82,8.67,8.75,28.5,173675557.0
2011-07-20,8.84,8.98,8.83,8.85,28.85,176962420.0
2011-07-21,8.92,9.18,8.87,9.07,29.55,174240773.0
2011-07-22,9.08,9.2,9.07,9.08,29.6,120187588.0
2011-07-25,8.96,9.01,8.86,8.97,29.23,131038074.0
2011-07-26,8.94,8.96,8.82,8.96,29.19,152057142.0
2011-07-27,8.88,8.94,8.69,8.85,28.83,238246833.0
2011-07-28,8.85,9.11,8.81,9.01,29.35,249315671.0
2011-07-29,8.94,9.16,8.87,9.05,29.5,234423053.0
2011-08-01,9.17,9.27,9.02,9.14,29.78,225537178.0
2011-08-02,9.05,9.09,8.78,8.84,28.8,267991689.0
2011-08-03,8.85,8.93,8.58,8.7,28.33,194527506.0
2011-08-04,8.54,8.64,8.2,8.38,27.3,251993681.0
2011-08-05,8.39,8.71,8.14,8.51,27.7,202929260.0
2011-08-08,8.08,8.28,7.71,7.76,25.26,343225382.0
2011-08-09,7.92,8.23,7.88,8.18,26.65,341587693.0
2011-08-10,8.15,8.25,7.9,8.07,26.27,290275514.0
2011-08-11,8.16,8.39,8.03,8.29,27.0,207081413.0
2011-08-12,8.3,8.45,8.15,8.3,27.04,174665869.0
2011-08-15,8.44,8.5,8.4,8.43,27.45,160865737.0
2011-08-16,8.29,8.44,8.2,8.44,27.48,148476457.0
2011-08-17,8.44,8.6,8.38,8.6,28.0,185854563.0
2011-08-18,8.32,8.36,8.07,8.26,26.9,182146707.0
2011-08-19,8.08,8.27,7.99,8.06,26.25,164096023.0
2011-08-22,8.23,8.23,7.98,8.05,26.21,190313154.0
2011-08-23,8.09,8.17,7.79,8.17,26.6,176619062.0
2011-08-24,8.16,8.27,8.02,8.23,26.8,227780995.0
2011-08-25,8.18,8.55,8.12,8.17,26.6,200249499.0
2011-08-26,8.12,8.27,7.97,8.15,26.55,190378575.0
2011-08-29,8.31,8.38,8.24,8.34,27.15,187896327.0
2011-08-30,8.32,8.46,8.27,8.41,27.4,174788384.0
2011-08-31,8.48,8.65,8.47,8.64,28.15,214883222.0
2011-09-01,8.85,9.34,8.83,9.28,30.23,458224405.0
2011-09-02,9.14,9.17,8.92,8.94,29.1,238701144.0
2011-09-05,8.71,8.76,8.59,8.63,28.08,100067841.0
2011-09-06,8.51,8.95,8.37,8.95,29.15,235372937.0
2011-09-08,9.17,9.22,9.06,9.08,29.55,139454734.0
2011-09-09,8.98,9.04,8.69,8.81,28.68,152548753.0
2011-09-12,8.6,8.69,8.42,8.66,28.19,168532921.0
2011-09-13,8.71,8.78,8.49,8.63,28.1,129863827.0
2011-09-14,8.66,8.82,8.51,8.72,28.4,149053078.0
2011-09-15,8.84,8.95,8.74,8.84,28.76,122199247.0
2011-09-16,8.82,9.01,8.81,8.97,29.2,122302722.0
2011-09-19,8.83,8.99,8.7,8.92,29.05,119348791.0
2011-09-20,8.94,9.08,8.87,8.9,28.96,154598657.0
2011-09-21,8.94,9.03,8.85,8.88,28.92,200641205.0
2011-09-22,8.49,8.7,8.34,8.53,27.76,209999740.0
2011-09-23,8.56,8.58,8.22,8.25,26.85,230983799.0
2011-09-26,8.34,8.43,8.23,8.4,27.33,222625752.0
2011-09-27,8.52,8.75,8.51,8.55,27.83,241362204.0
2011-09-28,8.57,8.78,8.55,8.56,27.88,181895013.0
2011-09-29,8.66,8.79,8.53,8.66,28.18,183875045.0
2011-09-30,8.53,8.63,8.33,8.51,27.71,242941871.0
2011-10-03,8.4,8.57,8.29,8.29,27.0,202681346.0
2011-10-04,8.21,8.39,8.05,8.39,27.31,250940530.0
2011-10-05,8.35,8.46,8.27,8.41,27.35,184258806.0
2011-10-06,8.54,8.67,8.47,8.48,27.59,223896099.0
2011-10-07,8.58,8.62,8.25,8.27,26.9,180308033.0
2011-10-10,8.39,8.65,8.31,8.61,28.0,190218076.0
2011-10-11,8.57,8.81,8.52,8.7,28.29,237582153.0
2011-10-13,8.8,8.91,8.71,8.9,28.95,245994231.0
2011-10-14,8.96,8.97,8.84,8.88,28.89,158328125.0
2011-10-17,8.73,8.87,8.7,8.85,28.8,112704813.0
2011-10-18,8.84,9.06,8.71,9.0,29.27,163953623.0
2011-10-19,9.0,9.07,8.9,8.98,29.2,218333181.0
2011-10-20,8.89,9.01,8.78,8.98,29.2,183602143.0
2011-10-21,8.99,9.22,8.99,9.17,29.82,209826089.0
2011-10-24,9.22,9.5,9.19,9.39,30.55,197280699.0
2011-10-25,9.33,9.37,9.01,9.3,30.24,197409032.0
2011-10-26,9.34,9.38,9.1,9.37,30.49,305602782.0
2011-10-27,9.81,9.89,9.64,9.67,31.45,337751587.0
2011-10-28,9.6,9.77,9.57,9.64,31.35,206541546.0
2011-10-31,9.51,9.61,9.44,9.54,31.05,186507131.0
2011-11-01,9.13,9.55,9.13,9.45,30.75,192422112.0
2011-11-03,9.63,9.67,9.44,9.52,30.95,180360447.0
2011-11-04,9.46,9.54,9.33,9.49,30.87,104016680.0
2011-11-07,9.53,9.63,9.5,9.53,31.0,90192709.0
2011-11-08,9.58,9.61,9.46,9.6,31.2,123086387.0
2011-11-09,9.37,9.45,9.28,9.44,30.7,162556048.0
2011-11-10,9.44,9.52,9.26,9.26,30.12,109611019.0
2011-11-11,9.37,9.48,9.35,9.4,30.55,88936724.0
2011-11-14,9.43,9.68,9.43,9.53,31.0,142349623.0
2011-11-16,9.43,9.62,9.42,9.57,31.11,141302929.0
2011-11-17,9.46,9.54,9.14,9.23,30.0,191290544.0
2011-11-18,9.29,9.32,8.98,9.06,29.45,182801698.0
2011-11-21,8.87,9.04,8.78,8.89,28.9,242661244.0
2011-11-22,8.87,8.95,8.73,8.77,28.5,233612455.0
2011-11-23,8.69,8.73,8.56,8.62,28.03,169239824.0
2011-11-24,8.72,8.76,8.47,8.64,28.1,70357641.0
2011-11-25,8.58,8.75,8.49,8.61,28.0,105871318.0
2011-11-28,8.82,8.9,8.77,8.78,28.56,107993769.0
2011-11-29,8.83,8.93,8.69,8.72,28.34,125969401.0
2011-11-30,8.95,9.23,8.78,9.11,29.63,298255178.0
2011-12-01,9.32,9.48,9.23,9.43,30.66,191595070.0
2011-12-02,9.58,9.67,9.35,9.45,30.7,202253891.0
2011-12-05,9.57,9.69,9.51,9.56,31.07,221874650.0
2011-12-06,9.52,9.67,9.43,9.62,31.26,137714848.0
2011-12-07,9.54,9.68,9.5,9.54,31.0,171656656.0
2011-12-08,9.61,9.68,9.4,9.54,31.0,231980107.0
2011-12-09,9.55,9.68,9.51,9.61,31.23,135848430.0
2011-12-12,9.58,9.59,9.46,9.58,31.14,162583159.0
2011-12-13,9.71,9.72,9.57,9.67,30.78,203037038.0
2011-12-14,9.59,9.75,9.54,9.55,30.4,234446026.0
2011-12-15,9.6,9.61,9.28,9.31,29.63,208205146.0
2011-12-16,9.34,9.42,9.25,9.3,29.62,133676083.0
2011-12-19,9.28,9.5,9.28,9.39,29.9,173180800.0
2011-12-20,9.52,9.71,9.47,9.64,30.7,242250772.0
2011-12-21,9.58,9.74,9.51,9.61,30.6,203074575.0
2011-12-22,9.67,9.84,9.64,9.74,31.0,231055608.0
2011-12-23,9.82,9.88,9.7,9.73,30.98,157933249.0
2011-12-26,9.83,9.83,9.65,9.7,30.89,51012666.0
2011-12-27,9.71,9.74,9.65,9.73,30.99,106864557.0
2011-12-28,9.72,9.76,9.54,9.56,30.43,108960844.0
2011-12-29,9.66,9.69,9.54,9.66,30.75,123688188.0
2012-01-02,9.74,9.74,9.53,9.65,30.71,69521319.0
2012-01-03,9.68,9.88,9.68,9.86,31.36,131081159.0
2012-01-04,9.8,9.87,9.7,9.87,31.41,121000534.0
2012-01-05,9.74,9.86,9.55,9.81,31.21,178672543.0
2012-01-06,9.86,9.97,9.79,9.93,31.6,183561913.0
2012-01-09,9.98,10.01,9.85,9.96,31.68,155723981.0
2012-01-10,10.01,10.12,9.96,9.98,31.75,193664174.0
2012-01-11,9.93,10.06,9.84,9.98,31.77,148573110.0
2012-01-12,10.05,10.1,9.91,9.99,31.78,171972161.0
2012-01-13,10.0,10.02,9.76,9.81,31.21,231256787.0
2012-01-16,9.84,9.94,9.77,9.88,31.45,134962810.0
2012-01-17,9.95,9.99,9.82,9.87,31.4,164475232.0
2012-01-18,9.9,10.07,9.84,10.07,32.05,167908812.0
2012-01-19,10.05,10.18,9.97,10.1,32.15,243887186.0
2012-01-20,10.07,10.25,10.04,10.14,32.28,154768925.0
2012-01-23,10.12,10.15,9.98,10.12,32.2,132249540.0
2012-01-24,10.05,10.19,9.93,10.19,32.41,189367590.0
2012-01-26,10.3,10.37,10.16,10.28,32.71,199704539.0
2012-01-27,10.28,10.42,10.16,10.36,32.96,200423422.0
2012-01-30,10.2,10.24,10.03,10.19,32.42,244915785.0
2012-01-31,10.02,10.03,9.83,9.87,31.4,339698215.0
2012-02-01,9.92,9.95,9.7,9.85,31.33,413740807.0
2012-02-02,9.81,9.92,9.72,9.87,31.39,215223888.0
2012-02-03,9.83,10.01,9.78,9.98,31.75,208250736.0
2012-02-06,9.92,9.99,9.87,9.98,31.75,131150422.0
2012-02-07,9.94,10.03,9.85,10.01,31.83,150702225.0
2012-02-08,10.02,10.14,9.9,9.98,31.73,248605606.0
2012-02-09,9.96,10.04,9.8,9.9,31.5,208570400.0
2012-02-10,9.72,9.81,9.62,9.72,30.91,207914895.0
2012-02-13,9.86,9.89,9.78,9.86,31.32,217374060.0
2012-02-14,9.87,9.89,9.73,9.78,31.05,142664165.0
2012-02-15,9.85,9.89,9.62,9.67,30.71,310289573.0
2012-02-16,9.59,9.75,9.5,9.73,30.9,252322895.0
2012-02-17,9.79,9.81,9.62,9.7,30.81,162664050.0
2012-02-22,9.79,9.82,9.64,9.7,30.8,200855288.0
2012-02-23,9.63,9.68,9.54,9.55,30.32,224134431.0
2012-02-24,9.6,9.63,9.51,9.56,30.37,198077885.0
2012-02-27,9.5,9.58,9.44,9.46,30.06,160035686.0
2012-02-28,9.54,9.69,9.51,9.67,30.71,300747832.0
2012-02-29,9.76,9.88,9.66,9.82,31.2,392606227.0
2012-03-01,9.86,10.01,9.86,9.95,31.61,207629538.0
2012-03-02,9.97,10.17,9.96,10.1,32.07,194850224.0
2012-03-05,10.03,10.05,9.89,9.96,31.61,126140766.0
2012-03-06,9.83,9.83,9.7,9.7,30.8,188707141.0
2012-03-07,9.85,9.93,9.78,9.93,31.51,370986867.0
2012-03-08,10.05,10.13,10.0,10.08,32.0,246658509.0
2012-03-09,10.12,10.27,9.99,10.26,32.57,213557383.0
2012-03-12,10.17,10.2,10.08,10.19,32.35,131498776.0
2012-03-13,10.23,10.38,10.23,10.36,32.9,178335753.0
2012-03-14,10.33,10.4,10.25,10.35,32.85,162196990.0
2012-03-15,10.2,10.4,10.13,10.4,33.02,131899660.0
2012-03-16,10.39,10.49,10.37,10.43,33.1,129307948.0
2012-03-19,10.43,10.44,10.3,10.33,32.79,152491745.0
2012-03-20,10.22,10.27,10.15,10.18,32.33,271970231.0
2012-03-21,10.14,10.25,10.12,10.21,32.4,124744499.0
2012-03-22,10.14,10.19,10.02,10.17,32.29,311155625.0
2012-03-23,10.21,10.35,10.16,10.32,32.75,223370776.0
2012-03-26,10.34,10.46,10.33,10.42,33.07,127604444.0
2012-03-27,10.43,10.46,10.3,10.39,32.98,156590151.0
2012-03-28,10.35,10.35,10.1,10.17,32.27,150649310.0
2012-03-29,10.1,10.1,9.93,10.1,32.05,190539308.0
2012-03-30,10.13,10.16,9.91,10.05,31.89,170885839.0
2012-04-02,10.08,10.15,10.0,10.07,31.98,121015821.0
2012-04-03,10.06,10.16,9.97,9.99,31.7,135627976.0
2012-04-04,9.92,9.96,9.72,9.74,30.9,219980209.0
2012-04-05,9.74,9.85,9.62,9.68,30.7,266505543.0
2012-04-09,9.61,9.63,9.53,9.63,30.54,157541044.0
2012-04-10,9.65,9.76,9.44,9.61,30.49,199613635.0
2012-04-11,9.66,9.81,9.66,9.67,30.68,229287195.0
2012-04-12,9.71,9.91,9.66,9.87,31.31,142557323.0
2012-04-13,9.77,9.82,9.6,9.67,30.68,195915709.0
2012-04-16,9.71,9.73,9.53,9.62,30.52,203770843.0
2012-04-17,9.74,9.78,9.54,9.64,30.58,167331729.0
2012-04-18,9.65,9.66,9.48,9.63,30.54,240793741.0
2012-04-19,9.63,9.7,9.52,9.59,30.43,148302379.0
2012-04-20,9.65,9.75,9.56,9.58,30.4,148630487.0
2012-04-23,9.46,9.64,9.42,9.58,30.4,152606989.0
2012-04-24,9.52,9.69,9.51,9.66,30.64,203692355.0
2012-04-25,9.58,9.61,9.32,9.41,29.85,321483723.0
2012-04-26,9.33,9.47,9.21,9.47,30.05,232073354.0
2012-04-27,9.53,9.53,9.42,9.49,30.1,206273771.0
2012-04-30,9.46,9.65,9.43,9.65,30.63,118705939.0
2012-05-02,9.64,9.76,9.48,9.52,30.2,236714932.0
2012-05-03,9.56,9.6,9.37,9.46,30.0,250434391.0
2012-05-04,9.43,9.55,9.31,9.41,29.85,349177947.0
2012-05-07,9.42,9.45,9.22,9.37,29.7,194911094.0
2012-05-08,9.35,9.4,9.23,9.31,29.53,174797156.0
2012-05-09,9.19,9.29,9.15,9.26,29.35,178596294.0
2012-05-10,9.33,9.48,9.21,9.29,29.46,152648664.0
2012-05-11,9.13,9.41,9.13,9.29,29.47,141813882.0
2012-05-14,9.08,9.23,9.01,9.1,28.85,128001134.0
2012-05-15,9.11,9.23,8.97,9.02,28.61,179082629.0
2012-05-16,9.15,9.28,8.75,8.86,28.11,227136290.0
2012-05-17,8.9,8.9,8.46,8.48,26.88,379175711.0
2012-05-18,8.5,8.6,8.39,8.53,27.05,262269719.0
2012-05-21,8.66,9.15,8.55,9.13,28.96,437295899.0
2012-05-22,9.06,9.25,8.99,9.13,28.95,230591910.0
2012-05-23,9.08,9.1,8.66,9.03,28.62,315477520.0
2012-05-24,9.01,9.07,8.86,8.94,28.36,204048912.0
2012-05-25,8.9,9.14,8.9,9.04,28.66,161019753.0
2012-05-28,9.09,9.21,8.93,8.97,28.45,161994454.0
2012-05-29,8.98,9.12,8.95,9.07,28.75,250594908.0
2012-05-30,8.86,9.17,8.76,9.15,29.03,263348539.0
2012-05-31,9.15,9.34,9.07,9.33,29.6,208272434.0
2012-06-01,9.15,9.43,9.1,9.29,29.46,232387715.0
2012-06-04,9.28,9.37,9.17,9.22,29.23,153522981.0
2012-06-05,9.26,9.32,8.99,9.04,28.65,173771375.0
2012-06-06,9.09,9.44,8.95,9.4,29.8,276492984.0
2012-06-08,9.36,9.49,9.33,9.43,29.87,117210318.0
2012-06-11,9.47,9.63,9.43,9.53,30.2,205078730.0
2012-06-12,9.56,9.7,9.47,9.69,30.7,162045701.0
2012-06-13,9.6,9.85,9.57,9.72,30.8,289719298.0
2012-06-14,9.75,9.85,9.59,9.78,31.0,343645558.0
2012-06-15,9.81,9.91,9.71,9.91,31.41,233988510.0
2012-06-18,9.75,9.97,9.72,9.83,31.15,145881991.0
2012-06-19,9.88,9.99,9.83,9.91,31.4,154708629.0
2012-06-20,9.91,9.93,9.6,9.83,31.15,219386725.0
2012-06-21,9.85,9.85,9.55,9.55,30.25,149029215.0
2012-06-22,9.62,9.64,9.35,9.55,30.25,141616354.0
2012-06-25,9.38,9.46,9.21,9.31,29.5,121399947.0
2012-06-26,9.37,9.37,9.15,9.25,29.32,117596736.0
2012-06-27,9.27,9.54,9.19,9.4,29.78,164979988.0
2012-06-28,9.32,9.39,9.16,9.32,29.33,196799035.0
2012-06-29,9.62,9.62,9.42,9.51,29.94,192405314.0
2012-07-02,9.49,9.59,9.42,9.54,30.01,119142452.0
2012-07-03,9.6,9.84,9.57,9.78,30.75,198982039.0
2012-07-04,9.74,9.83,9.7,9.79,30.78,49238033.0
2012-07-05,9.82,9.87,9.67,9.8,30.81,126590236.0
2012-07-06,9.7,9.76,9.54,9.76,30.7,115284353.0
2012-07-10,9.86,9.89,9.56,9.57,30.1,205814849.0
2012-07-11,9.67,9.71,9.49,9.56,30.05,110104219.0
2012-07-12,9.4,9.45,9.33,9.38,29.51,194148697.0
2012-07-13,9.49,9.54,9.4,9.49,29.83,138987626.0
2012-07-16,9.49,9.54,9.42,9.48,29.8,190632350.0
2012-07-17,9.49,9.56,9.41,9.47,29.79,142760340.0
2012-07-18,9.4,9.67,9.38,9.64,30.31,139295645.0
2012-07-19,9.65,9.83,9.65,9.75,30.65,124378150.0
2012-07-20,9.7,9.78,9.65,9.71,30.53,170381611.0
2012-07-23,9.45,9.63,9.08,9.24,29.07,457797175.0
2012-07-24,9.22,9.37,9.12,9.33,29.33,291105087.0
2012-07-25,9.44,9.54,9.3,9.37,29.46,200469804.0
2012-07-26,9.57,9.59,9.32,9.43,29.65,314995582.0
2012-07-27,9.54,10.0,9.47,9.95,31.3,332006322.0
2012-07-30,9.98,10.14,9.79,10.07,31.68,198752992.0
2012-07-31,10.11,10.11,9.85,10.05,31.6,261186353.0
2012-08-01,10.02,10.16,9.84,10.1,31.75,188765160.0
2012-08-02,9.93,10.09,9.88,9.98,31.38,172687475.0
2012-08-03,10.23,10.31,10.15,10.27,32.29,187403966.0
2012-08-06,10.33,10.62,10.26,10.51,33.02,181658341.0
2012-08-07,10.61,10.79,10.52,10.61,33.35,228560080.0
2012-08-08,10.55,10.75,10.47,10.75,33.8,227243601.0
2012-08-09,10.66,10.74,10.56,10.69,33.6,181552811.0
2012-08-10,10.69,10.87,10.61,10.87,34.15,249603946.0
2012-08-13,10.82,10.91,10.71,10.87,34.15,117001252.0
2012-08-14,10.84,10.98,10.76,10.81,33.97,196951240.0
2012-08-15,10.66,10.96,10.66,10.91,34.29,260431843.0
2012-08-16,10.98,11.03,10.86,10.98,34.51,165675842.0
2012-08-17,11.01,11.1,10.97,11.07,34.78,123234152.0
2012-08-20,11.09,11.14,11.03,11.03,34.67,152693262.0
2012-08-21,11.1,11.17,10.92,11.0,34.57,198445634.0
2012-08-22,10.92,11.01,10.83,11.01,34.6,153452254.0
2012-08-23,10.94,10.98,10.73,10.91,34.29,201757423.0
2012-08-24,10.78,10.93,10.73,10.83,34.05,147269200.0
2012-08-27,10.82,10.85,10.71,10.76,33.81,92409983.0
2012-08-28,10.68,10.9,10.65,10.88,34.18,127985559.0
2012-08-29,10.88,10.93,10.68,10.71,33.67,213025471.0
2012-08-30,10.66,10.73,10.57,10.72,33.7,134330742.0
2012-08-31,10.87,10.87,10.5,10.5,33.0,285413799.0
2012-09-03,10.48,10.7,10.48,10.69,33.59,134301773.0
2012-09-04,10.6,10.67,10.47,10.57,33.2,176630653.0
2012-09-05,10.65,10.67,10.44,10.6,33.3,143091446.0
2012-09-06,10.66,10.84,10.54,10.71,33.63,178292637.0
2012-09-10,10.87,10.9,10.7,10.72,33.66,157985381.0
2012-09-11,10.7,10.87,10.7,10.77,33.83,158617797.0
2012-09-12,10.8,10.99,10.8,10.94,34.35,204885847.0
2012-09-13,10.87,11.3,10.77,11.22,35.24,308225832.0
2012-09-14,11.22,11.49,11.22,11.37,35.71,268556009.0
2012-09-17,11.41,11.56,11.23,11.41,35.85,235284379.0
2012-09-18,11.49,11.49,11.2,11.28,35.42,164184915.0
2012-09-19,11.33,11.39,11.18,11.27,35.4,166405823.0
2012-09-20,11.22,11.27,11.14,11.23,35.28,125379933.0
2012-09-21,11.28,11.47,11.28,11.33,35.6,187456671.0
2012-09-24,11.3,11.41,11.17,11.27,35.39,334719982.0
2012-09-25,11.05,11.09,10.51,10.52,33.04,461952117.0
2012-09-26,10.47,10.54,10.31,10.42,32.73,247523562.0
2012-09-27,10.45,10.64,10.35,10.55,33.15,263940228.0
2012-09-28,10.46,10.52,10.18,10.37,32.57,270249867.0
2012-10-01,10.34,10.62,10.27,10.56,33.17,152981390.0
2012-10-02,10.59,10.75,10.54,10.57,33.19,153642142.0
2012-10-03,10.64,10.66,10.29,10.31,32.36,183129805.0
2012-10-04,10.35,10.37,10.15,10.35,32.5,158103928.0
2012-10-05,10.51,10.51,10.24,10.31,32.35,168492200.0
2012-10-08,10.29,10.31,10.1,10.27,32.25,158291978.0
2012-10-09,10.21,10.27,9.93,9.96,31.26,244416738.0
2012-10-10,9.95,10.08,9.85,9.88,31.02,174397722.0
2012-10-11,9.88,10.09,9.86,10.06,31.57,277658720.0
2012-10-15,9.94,10.16,9.94,10.05,31.55,173167470.0
2012-10-16,10.1,10.22,10.07,10.22,32.07,187228758.0
2012-10-17,10.23,10.29,10.09,10.26,32.2,289088140.0
2012-10-18,10.23,10.37,10.18,10.33,32.44,234386233.0
2012-10-19,10.33,10.37,10.2,10.31,32.35,168497362.0
2012-10-22,10.31,10.34,10.07,10.11,31.75,167033077.0
2012-10-23,9.99,10.07,9.91,10.01,31.41,170373419.0
2012-10-24,10.01,10.16,9.92,10.08,31.65,196066118.0
2012-10-25,10.19,10.33,10.07,10.33,32.43,179816652.0
2012-10-26,10.21,10.34,10.16,10.2,32.01,170591799.0
2012-10-29,10.19,10.2,10.1,10.2,32.02,51984194.0
2012-10-30,10.28,10.28,10.15,10.27,32.25,53274239.0
2012-10-31,10.24,10.31,10.08,10.19,32.0,112160712.0
2012-11-01,10.18,10.57,10.14,10.57,33.18,157590414.0
2012-11-05,10.51,10.62,10.44,10.57,33.15,132733637.0
2012-11-06,10.62,10.79,10.52,10.71,33.6,154599859.0
2012-11-07,10.63,10.71,10.4,10.46,32.8,145404186.0
2012-11-08,10.51,10.6,10.23,10.28,32.26,138437271.0
2012-11-09,10.24,10.33,10.15,10.26,32.2,159197114.0
2012-11-12,10.21,10.32,10.15,10.2,31.99,82646492.0
2012-11-13,10.2,10.42,10.13,10.41,32.66,186213671.0
2012-11-14,10.36,10.42,10.2,10.33,32.4,156621773.0
2012-11-16,10.36,10.62,10.36,10.45,32.77,307218814.0
2012-11-19,10.39,10.76,10.39,10.68,33.5,180709937.0
2012-11-21,10.77,10.92,10.64,10.9,34.18,234734205.0
2012-11-22,10.92,11.03,10.9,11.01,34.55,138856256.0
2012-11-23,10.98,11.14,10.9,11.14,34.95,174892050.0
2012-11-26,11.04,11.1,10.97,11.04,34.62,124051374.0
2012-11-27,11.01,11.07,10.82,10.87,34.09,294690433.0
2012-11-28,10.78,10.86,10.68,10.79,33.86,232346820.0
2012-11-29,10.86,11.0,10.72,10.97,34.4,270835070.0
2012-11-30,11.0,11.37,10.94,11.31,35.49,860332790.0
2012-12-03,11.32,11.51,11.32,11.41,35.8,367087326.0
2012-12-04,11.32,11.41,11.14,11.26,35.29,241098041.0
2012-12-05,11.27,11.48,11.19,11.43,35.85,227441504.0
2012-12-06,11.41,11.47,11.1,11.2,35.11,310934447.0
2012-12-07,11.2,11.32,11.08,11.21,35.13,287762886.0
2012-12-10,11.15,11.39,11.12,11.35,35.59,232456533.0
2012-12-11,11.33,11.46,11.25,11.42,35.8,171849323.0
2012-12-12,11.32,11.48,11.29,11.43,35.84,235101855.0
2012-12-13,11.36,11.64,11.33,11.51,36.1,286625304.0
2012-12-14,11.53,11.57,11.39,11.46,35.94,189078345.0
2012-12-17,11.48,11.64,11.41,11.46,35.94,217584646.0
2012-12-18,11.45,11.54,11.39,11.47,35.97,122651878.0
2012-12-19,11.49,11.76,11.42,11.76,36.86,229217931.0
2012-12-20,11.72,11.81,11.56,11.64,36.5,199154190.0
2012-12-21,11.48,11.78,11.48,11.78,36.93,198990644.0
2012-12-26,11.77,11.85,11.52,11.53,35.6,168323705.0
2012-12-27,11.62,11.62,11.32,11.32,34.95,174269847.0
2012-12-28,11.41,11.51,11.34,11.39,35.17,199418213.0
2013-01-02,11.6,11.8,11.58,11.67,36.02,270878314.0
2013-01-03,11.67,12.36,11.67,12.35,38.12,554132964.0
2013-01-04,12.32,12.32,11.92,12.14,37.45,428466749.0
2013-01-07,12.1,12.2,11.99,12.09,37.29,251651472.0
2013-01-08,12.11,12.24,12.04,12.13,37.42,197524518.0
2013-01-09,12.16,12.3,12.07,12.28,37.9,211169514.0
2013-01-10,12.36,12.36,12.04,12.12,37.4,293837678.0
2013-01-11,12.06,12.12,11.98,12.08,37.27,238060670.0
2013-01-14,12.15,12.35,12.1,12.28,37.88,215296796.0
2013-01-15,12.23,12.24,12.08,12.09,37.3,188151450.0
2013-01-16,12.11,12.15,11.91,12.15,37.49,175420738.0
2013-01-17,12.12,12.38,12.11,12.35,38.11,212316536.0
2013-01-18,12.36,12.41,12.26,12.4,38.25,189113908.0
2013-01-21,12.37,12.46,12.31,12.34,38.09,88617862.0
2013-01-22,12.33,12.47,12.25,12.45,38.4,214051916.0
2013-01-23,12.33,12.41,12.25,12.26,37.84,179731767.0
2013-01-24,12.23,12.34,12.13,12.23,37.75,198605659.0
2013-01-28,12.14,12.17,11.81,11.86,36.59,326290986.0
2013-01-29,11.85,11.89,11.65,11.72,36.17,374347593.0
2013-01-30,11.67,11.8,11.6,11.6,35.8,294086822.0
2013-01-31,11.6,11.86,11.58,11.86,36.6,241453668.0
2013-02-01,11.78,11.88,11.67,11.8,36.42,199989788.0
2013-02-04,11.74,11.79,11.51,11.64,35.9,219450344.0
2013-02-05,11.61,11.93,11.45,11.63,35.87,300344586.0
2013-02-06,11.65,11.68,11.34,11.44,35.2,201055544.0
2013-02-07,11.45,11.56,11.23,11.34,34.9,362512494.0
2013-02-08,11.35,11.57,11.25,11.57,35.6,252616335.0
2013-02-13,11.67,11.67,11.47,11.47,35.29,187332833.0
2013-02-14,11.46,11.46,11.25,11.31,34.82,180858555.0
2013-02-15,11.31,11.81,11.31,11.81,36.36,408043086.0
2013-02-18,11.78,12.01,11.7,12.01,36.95,214889206.0
2013-02-19,11.93,11.96,11.75,11.75,36.16,332193961.0
2013-02-20,11.75,11.77,11.39,11.48,35.34,280847001.0
2013-02-21,11.41,11.58,11.26,11.36,34.95,257520214.0
2013-02-22,11.45,11.59,11.38,11.59,35.67,306730545.0
2013-02-25,11.63,11.71,11.54,11.56,35.58,292202522.0
2013-02-26,11.45,11.5,11.13,11.31,34.8,357456894.0
2013-02-27,11.42,11.42,11.11,11.37,35.0,259623715.0
2013-02-28,11.41,11.54,11.32,11.48,35.32,215793731.0
2013-03-01,11.36,11.66,11.36,11.62,35.75,234547483.0
2013-03-04,11.54,11.76,11.48,11.75,36.13,209258798.0
2013-03-05,11.76,11.95,11.67,11.78,36.22,251921081.0
2013-03-06,11.84,11.93,11.65,11.76,36.17,286100960.0
2013-03-07,11.79,11.96,11.63,11.88,36.54,270850812.0
2013-03-08,11.79,12.07,11.75,12.06,37.08,266548195.0
2013-03-11,12.03,12.09,11.87,12.06,37.08,280574170.0
2013-03-12,12.04,12.09,11.88,11.96,36.79,234714052.0
2013-03-13,11.91,12.07,11.88,12.0,36.9,266707883.0
2013-03-14,12.08,12.08,11.74,11.96,36.79,236701578.0
2013-03-15,12.02,12.04,11.8,12.04,37.04,277663791.0
2013-03-18,11.95,11.97,11.8,11.83,36.38,198339495.0
2013-03-19,11.89,11.96,11.6,11.67,35.9,188783501.0
2013-03-20,11.65,11.79,11.61,11.78,36.22,229134017.0
2013-03-21,11.78,11.79,11.52,11.67,35.89,256431912.0
2013-03-22,11.74,11.8,11.53,11.65,35.83,160666957.0
2013-03-25,11.7,11.73,11.48,11.51,35.4,154427836.0
2013-03-26,11.5,11.76,11.5,11.67,32.62,173038943.0
2013-03-27,11.62,11.92,11.61,11.92,33.33,219937447.0
2013-03-28,11.94,12.21,11.89,12.21,34.14,310427410.0
2013-04-01,12.11,12.29,12.03,12.09,33.8,154451652.0
2013-04-02,12.14,12.17,11.92,11.95,33.4,251101154.0
2013-04-03,11.95,12.1,11.85,12.1,33.8,277976606.0
2013-04-04,12.1,12.1,11.82,11.92,33.31,198249129.0
2013-04-05,11.83,11.93,11.65,11.92,33.31,266381407.0
2013-04-08,11.86,11.92,11.64,11.76,32.85,235373739.0
2013-04-09,11.81,12.15,11.81,12.06,33.71,132547499.0
2013-04-10,12.08,12.49,12.07,12.35,34.5,404195251.0
2013-04-11,12.35,12.41,12.17,12.33,34.46,157625833.0
2013-04-12,12.28,12.34,12.11,12.24,34.2,265167364.0
2013-04-15,12.09,12.17,11.87,11.87,33.18,196453183.0
2013-04-16,11.98,12.13,11.9,12.09,33.79,187810180.0
2013-04-17,11.88,11.96,11.53,11.65,32.55,468402363.0
2013-04-18,11.66,11.87,11.39,11.43,31.93,295675794.0
2013-04-19,11.52,11.59,11.27,11.56,32.3,202894109.0
2013-04-22,11.56,11.7,11.43,11.56,32.3,166970447.0
2013-04-23,11.58,11.73,11.51,11.7,32.69,211266502.0
2013-04-24,11.72,11.85,11.61,11.66,32.57,146883302.0
2013-04-25,11.73,11.74,11.55,11.59,32.4,157646634.0
2013-04-26,11.54,11.71,11.23,11.35,31.72,224167189.0
2013-04-29,11.45,11.52,11.25,11.42,31.9,125021341.0
2013-04-30,11.36,11.81,11.32,11.77,32.9,213484933.0
2013-05-02,11.77,11.98,11.68,11.73,32.78,167055631.0
2013-05-03,11.83,11.95,11.72,11.8,32.95,225326556.0
2013-05-06,11.73,11.8,11.54,11.61,32.43,189485776.0
2013-05-07,11.62,11.97,11.61,11.96,33.4,175918491.0
2013-05-08,12.0,12.14,11.93,12.07,33.7,226689144.0
2013-05-09,12.0,12.18,11.82,12.02,33.58,251199894.0
2013-05-10,11.96,12.01,11.84,12.0,33.5,200971648.0
2013-05-13,11.96,11.99,11.73,11.73,32.77,199926182.0
2013-05-14,11.73,11.88,11.69,11.87,33.15,293179606.0
2013-05-15,11.85,12.08,11.8,11.96,33.4,238156833.0
2013-05-16,11.98,12.04,11.91,11.99,33.47,315419086.0
2013-05-17,12.06,12.25,11.97,12.25,34.22,386101271.0
2013-05-20,12.21,12.48,12.16,12.44,34.75,329986206.0
2013-05-21,12.46,12.51,12.29,12.48,34.85,164605996.0
2013-05-22,12.44,12.67,12.36,12.55,35.06,189023931.0
2013-05-23,12.32,12.43,12.23,12.38,34.58,257089529.0
2013-05-24,12.38,12.39,12.16,12.3,34.35,382497543.0
2013-05-27,12.3,12.32,12.18,12.23,34.15,102156096.0
2013-05-28,12.31,12.44,12.28,12.33,34.42,159556539.0
2013-05-29,12.25,12.33,12.05,12.05,33.66,256651395.0
2013-05-31,12.0,12.29,11.97,12.29,34.33,420764601.0
2013-06-03,12.25,12.3,11.87,11.95,33.37,430327479.0
2013-06-04,11.96,12.0,11.68,11.78,32.89,227719840.0
2013-06-05,11.81,11.84,11.39,11.45,31.96,260877327.0
2013-06-06,11.52,11.55,11.3,11.46,31.98,235678153.0
2013-06-07,11.3,11.66,11.29,11.37,31.74,251207480.0
2013-06-10,11.28,11.55,11.21,11.42,31.87,192377073.0
2013-06-11,11.29,11.36,10.95,10.98,30.65,453386205.0
2013-06-12,11.07,11.1,10.8,10.95,30.55,258010150.0
2013-06-13,10.96,11.02,10.73,10.8,30.13,298560794.0
2013-06-14,10.84,10.91,10.57,10.57,29.5,232095712.0
2013-06-17,10.67,10.8,10.64,10.67,29.77,185829256.0
2013-06-18,10.64,10.71,10.49,10.59,29.55,226535309.0
2013-06-19,10.61,10.7,10.25,10.36,28.91,315286120.0
2013-06-20,10.13,10.44,9.94,10.43,29.1,422220924.0
2013-06-21,10.36,10.49,10.18,10.18,28.42,295434152.0
2013-06-24,10.05,10.18,9.76,9.98,27.85,344577939.0
2013-06-25,10.04,10.13,9.86,10.03,28.0,203396315.0
2013-06-26,10.1,10.32,9.97,10.13,28.26,242123253.0
2013-06-27,10.14,10.34,10.11,10.23,28.55,192092295.0
2013-06-28,10.2,10.44,10.13,10.39,28.8,306459090.0
2013-07-01,10.38,10.47,10.25,10.39,28.8,144725326.0
2013-07-02,10.31,10.34,9.79,9.87,27.32,309195550.0
2013-07-03,9.86,10.06,9.7,9.79,27.1,284781233.0
2013-07-04,9.94,9.96,9.75,9.77,27.06,173870087.0
2013-07-05,9.7,9.77,9.21,9.44,26.13,440161861.0
2013-07-08,9.42,9.55,9.22,9.39,26.0,262866852.0
2013-07-10,9.5,9.61,9.38,9.42,26.07,209884296.0
2013-07-11,9.57,9.88,9.54,9.88,27.36,284176992.0
2013-07-12,9.82,9.95,9.77,9.86,27.3,244697614.0
2013-07-15,9.86,10.18,9.75,10.11,27.98,224193098.0
2013-07-16,10.19,10.24,9.95,10.09,27.93,182477959.0
2013-07-17,10.18,10.4,10.13,10.33,28.6,369398215.0
2013-07-18,10.31,10.43,10.19,10.19,28.22,253549191.0
2013-07-19,10.12,10.26,9.91,10.03,27.77,242462238.0
2013-07-22,9.98,10.54,9.86,10.4,28.79,473783352.0
2013-07-23,10.46,10.69,10.4,10.55,29.2,270840761.0
2013-07-24,10.47,10.53,10.21,10.39,28.77,213430590.0
2013-07-25,10.33,10.49,10.28,10.41,28.83,258246733.0
2013-07-26,10.37,10.4,10.05,10.22,28.29,234912828.0
2013-07-29,10.24,10.31,10.07,10.21,28.26,121002934.0
2013-07-30,10.23,10.51,10.14,10.17,28.15,247384678.0
2013-07-31,10.16,10.22,9.97,10.0,27.7,221395254.0
2013-08-01,10.1,10.36,10.06,10.28,28.47,209922344.0
2013-08-02,10.21,10.42,10.13,10.19,28.2,152463857.0
2013-08-05,10.2,10.22,9.94,9.98,27.62,157940768.0
2013-08-06,10.03,10.03,9.74,9.78,27.06,225749611.0
2013-08-07,9.74,9.9,9.67,9.81,27.14,159018296.0
2013-08-08,9.89,10.16,9.86,10.13,28.02,249500981.0
2013-08-09,10.16,10.29,10.02,10.23,28.31,247197552.0
2013-08-12,10.28,10.54,10.21,10.4,28.76,240374865.0
2013-08-13,10.46,10.64,10.38,10.64,29.45,212766442.0
2013-08-14,10.53,10.66,10.48,10.54,29.15,364471638.0
2013-08-15,10.43,10.57,10.29,10.4,28.77,327422605.0
2013-08-16,10.42,10.5,10.2,10.3,28.5,272163957.0
2013-08-19,10.28,10.36,10.11,10.28,28.45,263907006.0
2013-08-20,10.26,10.33,10.09,10.15,28.07,232675056.0
2013-08-21,10.08,10.16,9.94,9.98,27.6,261237685.0
2013-08-22,10.12,10.14,9.91,9.94,27.5,212830822.0
2013-08-23,9.95,10.21,9.95,10.14,28.05,233877129.0
2013-08-26,10.14,10.21,10.01,10.02,27.71,126717910.0
2013-08-27,9.94,9.94,9.7,9.72,26.9,243781939.0
2013-08-28,9.77,9.83,9.62,9.67,26.75,158421472.0
2013-08-29,9.72,9.99,9.69,9.81,27.15,290074554.0
2013-08-30,9.94,10.07,9.81,10.02,27.71,375823233.0
2013-09-02,10.14,10.32,10.05,10.11,27.97,158674762.0
2013-09-03,10.17,10.19,9.95,10.0,27.65,189200724.0
2013-09-04,9.96,10.09,9.91,10.05,27.79,170207636.0
2013-09-05,10.06,10.21,10.02,10.17,28.11,180445533.0
2013-09-06,10.22,10.45,10.19,10.36,28.65,232553807.0
2013-09-09,10.39,10.71,10.37,10.67,29.49,293574812.0
2013-09-10,10.67,10.85,10.63,10.8,29.85,251239439.0
2013-09-11,10.77,10.9,10.7,10.9,30.14,261461612.0
2013-09-12,10.89,10.91,10.63,10.69,29.56,232579455.0
2013-09-13,10.75,10.8,10.58,10.78,29.8,220080033.0
2013-09-16,10.83,10.9,10.73,10.83,29.93,153512701.0
2013-09-17,10.83,10.94,10.8,10.94,30.24,207194966.0
2013-09-18,10.92,11.39,10.89,11.3,31.24,283544257.0
2013-09-19,11.25,11.36,11.14,11.35,31.37,221207891.0
2013-09-20,11.27,11.35,11.07,11.07,30.6,209054307.0
2013-09-23,11.12,11.22,11.08,11.14,30.81,160003009.0
2013-09-24,11.17,11.2,11.0,11.12,30.75,164173002.0
2013-09-25,11.08,11.18,11.0,11.18,30.9,144475111.0
2013-09-26,11.17,11.21,11.1,11.17,30.89,95414989.0
2013-09-27,11.14,11.52,11.14,11.47,31.7,263462383.0
2013-09-30,11.33,11.38,10.99,10.99,30.38,397717682.0
2013-10-01,11.07,11.18,10.89,11.16,30.86,162490724.0
2013-10-02,11.11,11.29,11.08,11.17,30.85,148331993.0
2013-10-03,11.19,11.28,11.03,11.13,30.75,130456558.0
2013-10-04,11.13,11.16,11.02,11.09,30.63,122411003.0
2013-10-07,11.01,11.19,11.01,11.13,30.75,190267313.0
2013-10-08,11.13,11.18,11.06,11.12,30.71,134564054.0
2013-10-09,11.12,11.39,11.12,11.3,31.22,207968381.0
2013-10-10,11.38,11.52,11.31,11.46,31.65,253904157.0
2013-10-11,11.46,11.55,11.38,11.42,31.55,167500203.0
2013-10-14,11.41,11.7,11.32,11.67,32.24,200308498.0
2013-10-15,11.65,11.74,11.61,11.7,32.32,252705115.0
2013-10-16,11.7,11.97,11.67,11.8,32.6,345198020.0
2013-10-17,11.73,11.94,11.72,11.86,32.77,191855331.0
2013-10-18,11.85,12.02,11.85,11.97,33.07,267534970.0
2013-10-21,11.97,12.04,11.65,11.8,32.6,263175895.0
2013-10-22,11.83,12.0,11.73,11.97,33.07,289696396.0
2013-10-23,11.9,11.93,11.73,11.73,32.4,303136385.0
2013-10-24,11.76,11.8,11.57,11.72,32.37,185628570.0
2013-10-25,11.72,11.78,11.57,11.64,32.16,159861016.0
2013-10-28,11.63,11.73,11.59,11.63,32.14,194805080.0
2013-10-29,11.71,11.82,11.66,11.76,32.49,276880482.0
2013-10-30,11.79,11.83,11.65,11.71,32.36,145433028.0
2013-10-31,11.75,11.8,11.52,11.68,32.28,260326407.0
2013-11-01,11.68,11.75,11.57,11.68,32.27,212318095.0
2013-11-04,11.67,12.01,11.67,11.95,33.0,268339693.0
2013-11-05,11.93,12.01,11.74,11.79,32.56,163543886.0
2013-11-06,11.81,11.81,11.58,11.66,32.2,262756162.0
2013-11-07,11.6,11.75,11.47,11.56,31.92,407679424.0
2013-11-08,11.53,11.53,11.07,11.15,30.78,485516835.0
2013-11-11,11.23,11.25,11.13,11.14,30.75,173081195.0
2013-11-12,11.15,11.32,10.98,11.05,30.5,205681913.0
2013-11-13,10.99,11.27,10.92,11.2,30.91,283382939.0
2013-11-14,11.25,11.49,11.23,11.41,31.49,182820305.0
2013-11-18,11.39,11.56,11.36,11.47,31.67,203846311.0
2013-11-19,11.42,11.46,11.04,11.09,30.63,241747962.0
2013-11-21,11.03,11.09,10.95,11.05,30.5,184458536.0
2013-11-22,10.94,11.13,10.68,10.97,30.3,364884309.0
2013-11-25,11.01,11.04,10.71,10.88,30.03,203693439.0
2013-11-26,10.8,11.18,10.75,10.83,29.9,313453482.0
2013-11-27,10.86,11.17,10.86,11.08,30.6,244598620.0
2013-11-28,11.16,11.26,10.98,11.12,30.7,131538785.0
2013-11-29,11.12,11.24,11.08,11.23,31.0,190114706.0
2013-12-02,11.08,11.29,10.91,10.99,30.34,367877156.0
2013-12-03,10.88,10.96,10.63,10.73,29.61,231483013.0
2013-12-04,10.78,10.82,10.53,10.57,29.16,244603871.0
2013-12-05,10.62,10.67,10.44,10.52,29.02,312782761.0
2013-12-06,10.6,10.64,10.41,10.51,29.0,246415150.0
2013-12-09,10.51,10.62,10.43,10.48,28.92,172796438.0
2013-12-10,10.51,10.54,10.41,10.43,28.79,144762544.0
2013-12-11,10.45,10.46,10.17,10.21,28.16,196141316.0
2013-12-12,10.25,10.32,10.08,10.29,28.4,249607138.0
2013-12-13,10.33,10.41,10.25,10.34,28.53,205531574.0
2013-12-16,10.35,10.49,10.29,10.41,28.72,230115908.0
2013-12-17,10.42,10.49,10.35,10.39,28.68,228011168.0
2013-12-18,10.49,10.55,10.37,10.45,28.84,240923748.0
2013-12-19,10.58,10.66,10.41,10.63,29.34,196442839.0
2013-12-20,10.63,10.63,10.47,10.47,28.88,169097224.0
2013-12-23,10.44,10.6,10.44,10.53,29.05,128984408.0
2013-12-26,10.62,10.62,10.51,10.53,28.7,77984674.0
2013-12-27,10.57,10.66,10.51,10.6,28.88,112810677.0
2013-12-30,10.6,10.73,10.57,10.67,29.09,90517954.0
2014-01-02,10.66,10.73,10.55,10.62,28.95,198932746.0
2014-01-03,10.61,10.62,10.44,10.46,28.5,375686955.0
2014-01-06,10.46,10.6,10.41,10.59,28.85,234681072.0
2014-01-07,10.58,10.62,10.36,10.36,28.22,152303499.0
2014-01-08,10.42,10.48,10.25,10.35,28.2,204666729.0
2014-01-09,10.3,10.36,10.01,10.06,27.39,222216643.0
2014-01-10,10.06,10.3,10.02,10.14,27.62,186489699.0
2014-01-13,10.18,10.3,9.99,10.07,27.42,155302794.0
2014-01-14,10.04,10.19,10.0,10.16,27.67,173094065.0
2014-01-15,10.21,10.28,10.15,10.22,27.83,135986699.0
2014-01-16,10.28,10.31,10.04,10.07,27.43,178750716.0
2014-01-17,10.11,10.11,9.93,9.97,27.16,146511385.0
2014-01-20,9.98,10.02,9.89,9.91,27.0,74548626.0
2014-01-21,9.97,10.15,9.92,10.03,27.31,181763372.0
2014-01-22,10.06,10.2,9.98,10.09,27.49,210153228.0
2014-01-23,10.04,10.23,9.87,9.87,26.87,246770342.0
2014-01-24,9.82,9.92,9.58,9.67,26.34,252013392.0
2014-01-27,9.71,9.8,9.62,9.72,26.47,178724564.0
2014-01-28,9.84,9.93,9.73,9.73,26.49,144770315.0
2014-01-29,9.69,9.72,9.45,9.5,25.88,224714618.0
2014-01-30,9.52,9.65,9.36,9.44,25.72,203023973.0
2014-01-31,9.36,9.61,9.3,9.61,26.16,215528595.0
2014-02-03,9.54,9.54,9.19,9.28,25.27,284354781.0
2014-02-04,9.42,9.59,9.36,9.49,25.83,257490494.0
2014-02-05,9.48,9.58,9.32,9.45,25.72,220197545.0
2014-02-06,9.5,9.72,9.4,9.64,26.23,240519394.0
2014-02-07,9.65,9.79,9.56,9.78,26.6,215137003.0
2014-02-10,9.69,9.8,9.64,9.68,26.35,108593618.0
2014-02-11,9.78,9.87,9.65,9.85,26.6,295581529.0
2014-02-12,9.85,9.89,9.77,9.81,26.47,187557701.0
2014-02-13,9.73,9.79,9.61,9.78,26.4,215588839.0
2014-02-14,9.8,9.91,9.72,9.89,26.7,264635463.0
2014-02-17,9.9,9.98,9.83,9.83,26.52,91419022.0
2014-02-18,9.76,9.93,9.73,9.78,26.4,229834832.0
2014-02-19,9.72,9.98,9.58,9.98,26.95,315116887.0
2014-02-20,9.86,10.11,9.83,9.9,26.71,214832006.0
2014-02-21,9.97,10.13,9.9,10.1,27.27,232998406.0
2014-02-24,10.08,10.29,10.06,10.22,27.59,166965673.0
2014-02-25,10.09,10.2,9.92,9.98,26.95,156857487.0
2014-02-26,10.0,10.05,9.84,9.91,26.75,128227736.0
2014-02-27,10.02,10.23,9.95,10.16,27.43,122948995.0
2014-02-28,10.19,10.3,10.03,10.12,27.31,236218145.0
2014-03-05,10.04,10.11,9.92,10.0,27.0,172790938.0
2014-03-06,10.02,10.38,9.95,10.38,28.0,270714838.0
2014-03-07,10.33,10.43,10.21,10.25,27.64,316589345.0
2014-03-10,10.2,10.2,9.92,10.0,26.98,207238270.0
2014-03-11,10.1,10.19,9.96,10.05,27.11,181407922.0
2014-03-12,9.99,10.11,9.97,10.11,27.28,208501651.0
2014-03-13,10.2,10.2,9.88,9.91,26.72,195731792.0
2014-03-14,9.91,9.96,9.73,9.78,26.37,177916970.0
2014-03-17,9.86,10.01,9.8,9.98,26.93,211639710.0
2014-03-18,9.96,10.14,9.93,10.1,27.25,215756318.0
2014-03-19,10.1,10.23,10.02,10.2,27.52,167044656.0
2014-03-20,10.19,10.49,10.11,10.49,28.3,287429897.0
2014-03-21,10.39,10.52,10.3,10.47,28.25,328206271.0
2014-03-24,10.57,10.88,10.53,10.77,29.04,298399098.0
2014-03-25,10.78,10.91,10.67,10.7,28.87,361597131.0
2014-03-26,10.75,11.07,10.72,10.94,29.51,393159878.0
2014-03-27,10.94,11.4,10.89,11.36,30.63,652061815.0
2014-03-28,11.38,11.48,11.25,11.38,30.7,336476909.0
2014-03-31,11.44,11.58,11.3,11.56,31.19,312323956.0
2014-04-01,11.59,11.69,11.49,11.69,31.53,237472861.0
2014-04-02,11.64,12.07,11.62,11.98,32.3,539787151.0
2014-04-03,12.0,12.13,11.77,11.92,32.13,297351876.0
2014-04-04,12.05,12.18,11.74,11.78,31.75,447510567.0
2014-04-07,11.94,12.26,11.86,12.25,33.03,309377306.0
2014-04-08,12.5,12.8,11.98,12.01,32.38,630107252.0
2014-04-09,11.91,12.01,11.77,11.91,32.11,331190965.0
2014-04-10,11.88,12.09,11.83,11.99,32.32,216368338.0
2014-04-11,11.88,12.38,11.81,12.31,33.17,256675005.0
2014-04-14,12.32,12.34,12.08,12.15,32.76,184679257.0
2014-04-15,12.04,12.12,11.69,12.04,32.45,237476208.0
2014-04-16,12.17,12.22,12.01,12.18,32.83,261383575.0
2014-04-17,12.19,12.43,11.97,12.4,33.43,244761968.0
2014-04-22,12.43,12.43,12.21,12.36,33.32,268880412.0
2014-04-23,12.28,12.35,12.19,12.24,33.0,169117588.0
2014-04-24,12.37,12.5,12.28,12.47,33.6,294031697.0
2014-04-25,12.39,12.45,12.29,12.44,33.53,230920158.0
2014-04-28,12.35,12.37,12.23,12.35,33.29,165505057.0
2014-04-29,12.43,12.71,12.39,12.45,33.55,258599248.0
2014-04-30,12.37,12.44,12.21,12.31,33.19,213739130.0
2014-05-02,12.31,12.69,12.23,12.47,33.6,311049213.0
2014-05-05,12.58,12.75,12.53,12.74,34.31,329209737.0
2014-05-06,12.66,12.83,12.47,12.83,34.56,383454816.0
2014-05-07,12.84,13.03,12.7,12.98,34.97,509858240.0
2014-05-08,12.99,13.02,12.78,12.84,34.58,201195438.0
2014-05-09,12.87,12.95,12.73,12.73,34.29,135191513.0
2014-05-12,12.79,12.96,12.78,12.96,34.91,137174679.0
2014-05-13,12.88,12.98,12.77,12.9,34.74,208060861.0
2014-05-14,12.92,13.11,12.83,13.11,35.32,268864421.0
2014-05-15,13.04,13.06,12.81,12.95,34.87,154299824.0
2014-05-16,12.96,13.09,12.92,13.03,35.1,170525843.0
2014-05-19,13.06,13.06,12.77,12.81,34.5,217722977.0
2014-05-20,12.79,12.95,12.52,12.58,33.88,348283360.0
2014-05-21,12.64,12.72,12.26,12.26,33.02,345310580.0
2014-05-22,12.16,12.38,12.01,12.38,33.36,488719237.0
2014-05-23,12.36,12.43,12.05,12.19,32.83,214331504.0
2014-05-26,12.18,12.2,11.99,12.14,32.7,98719895.0
2014-05-27,12.16,12.4,11.92,11.95,32.2,295480432.0
2014-05-28,11.97,12.24,11.92,12.08,32.53,321783597.0
2014-05-29,12.11,12.17,11.85,11.95,32.18,173626937.0
2014-05-30,11.83,11.91,11.59,11.59,31.21,283709855.0
2014-06-02,11.69,11.73,11.52,11.61,31.26,281982461.0
2014-06-03,11.57,11.73,11.54,11.7,31.5,266855283.0
2014-06-04,11.7,11.71,11.56,11.6,31.23,190325619.0
2014-06-05,11.66,11.75,11.5,11.51,30.99,216635068.0
2014-06-06,12.03,12.07,11.83,12.07,32.5,586378980.0
2014-06-09,12.08,12.44,11.98,12.4,33.38,368262542.0
2014-06-10,12.41,12.52,12.21,12.5,33.64,247731647.0
2014-06-11,12.67,12.85,12.55,12.79,34.42,425498242.0
2014-06-13,12.68,12.82,12.65,12.76,34.34,209443040.0
2014-06-16,12.69,12.76,12.57,12.75,34.31,217484546.0
2014-06-17,12.72,12.72,12.53,12.57,33.85,117504912.0
2014-06-18,12.55,12.79,12.38,12.79,34.44,291849847.0
2014-06-20,12.7,12.82,12.6,12.76,34.35,178174518.0
2014-06-23,12.76,12.83,12.5,12.66,34.07,135965158.0
2014-06-24,12.58,12.89,12.48,12.85,34.6,272854569.0
2014-06-25,12.81,12.91,12.27,12.27,32.82,365671241.0
2014-06-26,12.37,12.44,12.18,12.24,32.75,185621974.0
2014-06-27,12.24,12.34,12.07,12.1,32.39,177692507.0
2014-06-30,12.11,12.19,11.93,11.98,32.05,215702131.0
2014-07-01,12.06,12.2,11.94,11.98,32.05,132544521.0
2014-07-02,11.97,12.07,11.82,11.94,31.93,199344360.0
2014-07-03,11.85,12.15,11.82,12.15,32.49,203922620.0
2014-07-04,12.15,12.21,12.05,12.21,32.64,21657816.0
2014-07-07,12.11,12.15,11.98,12.12,32.4,142841747.0
2014-07-08,12.11,12.15,11.97,11.99,32.05,134555570.0
2014-07-10,12.14,12.37,11.99,12.34,33.0,382865617.0
2014-07-11,12.28,12.42,12.17,12.42,33.2,182498483.0
2014-07-14,12.49,12.89,12.45,12.86,34.4,292848449.0
2014-07-15,12.83,13.0,12.75,12.98,34.71,197607327.0
2014-07-16,12.98,13.01,12.46,12.55,33.57,348814573.0
2014-07-17,12.5,12.77,12.42,12.5,33.42,274514496.0
2014-07-18,12.94,13.16,12.86,13.1,35.02,345018988.0
2014-07-21,13.05,13.29,13.0,13.2,35.3,285089615.0
2014-07-22,13.23,13.27,13.05,13.16,35.18,188956991.0
2014-07-23,12.94,13.16,12.91,13.14,35.14,168946002.0
2014-07-24,13.16,13.37,13.09,13.31,35.6,315472906.0
2014-07-25,13.31,13.39,13.17,13.2,35.3,185547885.0
2014-07-28,13.25,13.29,13.05,13.07,34.94,210732888.0
2014-07-29,13.03,13.43,13.0,13.12,35.09,233446130.0
2014-07-30,13.16,13.25,13.02,13.06,34.91,180174553.0
2014-07-31,13.0,13.13,12.84,12.94,34.61,317470063.0
2014-08-01,12.88,13.17,12.88,13.07,34.95,276676255.0
2014-08-04,13.15,13.25,12.96,13.25,35.4,180267191.0
2014-08-05,13.22,13.41,13.13,13.13,35.1,239659131.0
2014-08-06,13.1,13.4,13.0,13.14,35.12,165362439.0
2014-08-07,13.25,13.26,12.93,13.0,34.75,154794806.0
2014-08-08,12.91,12.97,12.68,12.72,34.0,197594580.0
2014-08-11,12.87,13.08,12.77,13.08,34.95,184420117.0
2014-08-12,13.04,13.14,12.93,13.08,34.95,143620599.0
2014-08-13,13.12,13.28,12.81,12.95,34.62,399138004.0
2014-08-14,12.88,13.34,12.88,13.34,35.65,335565355.0
2014-08-15,13.42,13.53,13.34,13.53,36.15,260311360.0
2014-08-18,13.66,13.67,13.5,13.62,36.4,208014603.0
2014-08-19,13.51,14.04,13.51,14.03,37.5,337780474.0
2014-08-20,13.94,14.13,13.93,14.11,37.7,283245412.0
2014-08-21,14.08,14.33,14.02,14.29,38.2,248610730.0
2014-08-22,14.18,14.31,14.03,14.07,37.6,147897810.0
2014-08-25,14.21,14.47,14.14,14.47,38.67,215710475.0
2014-08-26,14.45,14.62,14.37,14.55,38.88,225408734.0
2014-08-27,14.59,15.03,14.57,14.93,39.91,472775461.0
2014-08-28,14.85,15.05,14.79,14.91,39.85,446639499.0
2014-08-29,15.0,15.45,14.97,15.28,40.84,437898339.0
2014-09-01,15.44,15.62,15.24,15.24,40.73,273693019.0
2014-09-02,15.21,15.63,15.02,15.55,41.55,288149490.0
2014-09-03,15.65,15.72,15.24,15.59,41.64,398465569.0
2014-09-04,15.33,15.53,15.02,15.05,40.2,385775971.0
2014-09-05,14.99,15.35,14.97,15.31,40.89,434870126.0
2014-09-08,15.48,15.57,14.88,14.88,39.75,444966596.0
2014-09-09,14.78,14.96,14.61,14.68,39.22,385369727.0
2014-09-10,14.56,14.66,14.21,14.32,38.25,414931464.0
2014-09-11,14.4,14.52,14.18,14.25,38.07,280262625.0
2014-09-12,14.15,14.21,13.77,13.85,37.0,513438933.0
2014-09-15,13.86,14.3,13.74,14.29,38.18,276363328.0
2014-09-16,14.33,15.07,14.32,14.68,39.22,522577306.0
2014-09-17,14.92,15.01,14.7,14.76,39.42,327828508.0
2014-09-18,14.59,14.81,14.45,14.56,38.9,336770023.0
2014-09-19,14.39,14.59,14.18,14.23,38.0,258343914.0
2014-09-22,13.88,14.14,13.82,14.11,37.69,253201873.0
2014-09-23,14.04,14.32,13.89,13.99,37.38,241845687.0
2014-09-24,13.85,14.17,13.78,14.1,37.67,198746418.0
2014-09-25,13.96,14.03,13.72,13.76,36.77,282438973.0
2014-09-26,13.76,14.43,13.72,14.37,38.39,283091834.0
2014-09-29,13.23,13.72,13.23,13.36,35.69,562845138.0
2014-09-30,13.26,13.35,12.73,13.04,34.84,495397756.0
2014-10-01,12.81,12.9,12.55,12.57,33.59,445091800.0
2014-10-02,12.66,13.17,12.62,12.96,34.61,409526066.0
2014-10-03,13.07,13.32,12.88,13.23,35.33,265204667.0
2014-10-06,14.94,14.98,14.2,14.23,38.0,873916559.0
2014-10-07,14.52,14.58,14.14,14.14,37.75,510489303.0
2014-10-08,14.42,14.48,13.76,14.02,37.43,383031699.0
2014-10-09,14.29,14.53,14.08,14.29,38.16,327375176.0
2014-10-10,14.1,14.17,13.6,13.6,36.32,319614317.0
2014-10-13,14.05,14.9,13.99,14.67,39.16,586708145.0
2014-10-14,14.6,14.98,14.44,14.87,39.7,491420104.0
2014-10-15,14.35,14.53,13.69,14.06,37.53,567330889.0
2014-10-16,13.55,14.05,13.49,13.56,36.2,429490077.0
2014-10-17,13.85,14.15,13.71,14.08,37.6,413573185.0
2014-10-20,14.03,14.12,13.75,13.75,36.71,354880361.0
2014-10-21,12.81,13.22,12.81,13.04,34.82,622444916.0
2014-10-22,13.04,13.51,12.97,13.07,34.9,334943674.0
2014-10-23,12.96,13.03,12.29,12.29,32.8,595008891.0
2014-10-24,12.39,13.06,12.35,12.6,33.65,473170924.0
2014-10-27,11.57,12.54,11.54,12.33,32.92,925905299.0
2014-10-28,12.76,13.19,12.64,13.17,35.15,422285037.0
2014-10-29,13.0,13.27,12.63,12.64,33.76,328833866.0
2014-10-30,13.07,13.65,13.06,13.5,36.05,463717149.0
2014-10-31,13.67,13.98,13.55,13.98,37.32,331491145.0
2014-11-03,13.75,13.87,13.51,13.81,36.86,243189622.0
2014-11-04,14.05,14.2,13.66,13.97,37.29,259273461.0
2014-11-05,13.77,14.15,13.73,13.77,36.74,333748662.0
2014-11-06,13.67,13.69,13.43,13.47,35.95,294718766.0
2014-11-07,13.57,13.61,13.24,13.53,36.1,249480188.0
2014-11-10,13.69,13.81,13.6,13.6,36.29,197530969.0
2014-11-11,13.45,13.77,13.45,13.68,36.51,168849654.0
2014-11-12,13.63,14.1,13.54,13.72,36.61,241153071.0
2014-11-13,13.74,13.86,13.36,13.36,35.64,210671218.0
2014-11-14,13.27,13.48,12.95,13.4,35.76,243543027.0
2014-11-17,13.29,13.58,13.07,13.1,34.96,186072878.0
2014-11-18,13.19,13.69,13.06,13.69,36.53,264449982.0
2014-11-19,13.79,14.28,13.71,14.28,38.1,354358849.0
2014-11-21,14.3,15.44,14.3,15.36,41.0,661167327.0
2014-11-24,15.57,15.66,14.96,15.12,40.34,547677055.0
2014-11-25,15.23,15.49,14.93,15.33,40.92,397481587.0
2014-11-26,15.43,15.48,15.09,15.18,40.5,323336061.0
2014-11-27,15.18,15.4,14.79,14.89,39.74,254955954.0
2014-11-28,14.92,15.2,14.81,14.82,39.56,230850127.0
2014-12-01,14.6,14.77,14.0,14.05,37.49,363952063.0
2014-12-02,14.25,14.25,13.66,13.81,36.83,265246903.0
2014-12-03,13.94,14.1,13.82,14.04,37.45,134015508.0
2014-12-04,14.15,14.19,13.68,13.74,36.65,193894265.0
2014-12-05,13.87,14.06,13.67,14.04,37.46,170534807.0
2014-12-08,13.95,14.01,13.26,13.34,35.58,206079484.0
2014-12-09,13.2,13.7,13.17,13.65,36.41,294219177.0
2014-12-10,13.59,13.7,13.13,13.25,35.35,251949745.0
2014-12-11,13.27,13.6,13.15,13.57,36.2,292662205.0
2014-12-12,13.38,13.58,12.78,12.78,34.08,400933699.0
2014-12-15,13.02,13.03,12.3,12.42,33.12,422656071.0
2014-12-16,12.16,12.63,12.07,12.48,33.29,536150394.0
2014-12-17,12.58,13.34,12.55,13.09,34.92,521481849.0
2014-12-18,13.25,13.49,12.89,13.01,34.71,263127566.0
2014-12-19,13.17,13.35,13.05,13.35,35.6,252432058.0
2014-12-22,13.38,13.46,13.02,13.46,35.9,219997264.0
2014-12-23,13.39,13.64,13.21,13.64,35.82,219194223.0
2014-12-26,13.52,13.69,13.33,13.35,35.06,90106250.0
2014-12-29,13.33,13.63,13.33,13.44,35.3,178585037.0
2014-12-30,13.46,13.57,13.35,13.35,35.06,164360136.0
2015-01-02,13.23,13.51,13.0,13.06,34.3,268897459.0
2015-01-05,12.84,13.25,12.69,13.09,34.35,263462184.0
2015-01-06,13.09,13.52,13.01,13.52,35.48,343483023.0
2015-01-07,13.69,14.21,13.57,14.05,36.89,388286619.0
2015-01-08,14.1,14.25,13.83,14.13,37.08,212123087.0
2015-01-09,13.99,14.07,13.44,13.51,35.47,224030033.0
2015-01-12,13.41,13.57,13.18,13.27,34.84,218053544.0
2015-01-13,13.37,13.69,13.31,13.31,34.95,286213331.0
2015-01-14,13.14,13.66,13.09,13.46,35.32,255120092.0
2015-01-15,13.48,13.83,13.32,13.32,34.96,353050809.0
2015-01-16,13.39,13.49,13.22,13.45,35.3,436503029.0
2015-01-19,13.37,13.58,13.07,13.17,34.56,219350573.0
2015-01-20,13.41,13.43,13.08,13.12,34.45,181609881.0
2015-01-21,13.32,13.54,13.07,13.44,35.29,292820616.0
2015-01-22,13.6,13.85,13.49,13.59,35.68,292962711.0
2015-01-23,13.5,13.73,13.25,13.47,35.37,210968249.0
2015-01-26,13.28,13.7,13.28,13.69,35.94,241123067.0
2015-01-27,13.49,13.81,13.33,13.71,36.0,327250317.0
2015-01-28,13.54,13.89,13.39,13.39,35.14,338590157.0
2015-01-29,13.56,13.69,13.04,13.25,34.77,329711281.0
2015-01-30,13.07,13.1,12.75,12.85,33.73,354441917.0
2015-02-02,13.01,13.06,12.62,12.98,34.08,307627026.0
2015-02-03,13.34,13.49,13.16,13.46,35.32,311667200.0
2015-02-04,13.46,13.92,13.32,13.8,36.21,377317192.0
2015-02-05,13.64,13.8,13.57,13.58,35.63,266206707.0
2015-02-06,13.55,13.65,13.3,13.64,35.78,249863838.0
2015-02-09,13.55,13.78,13.52,13.78,36.15,284356775.0
2015-02-10,13.74,13.9,13.49,13.49,35.24,216958323.0
2015-02-11,13.46,13.62,13.02,13.13,34.29,317553091.0
2015-02-12,13.36,13.65,13.26,13.65,35.65,239140160.0
2015-02-13,13.77,14.03,13.64,14.01,36.6,262389925.0
2015-02-18,14.27,14.36,14.07,14.16,37.0,286845491.0
2015-02-19,14.13,14.3,14.01,14.13,36.92,172421911.0
2015-02-20,14.16,14.24,13.98,14.17,37.01,110211683.0
2015-02-23,13.99,14.35,13.99,14.31,37.37,175206216.0
2015-02-24,14.36,14.48,14.18,14.46,37.78,255247576.0
2015-02-25,14.29,14.54,14.21,14.54,37.99,299581877.0
2015-02-26,14.55,14.59,14.37,14.57,38.07,183624370.0
2015-02-27,14.55,14.91,14.38,14.39,37.6,450644701.0
2015-03-02,14.36,14.6,14.08,14.2,37.09,345380501.0
2015-03-03,14.19,14.26,14.06,14.23,37.15,284902448.0
2015-03-04,14.01,14.12,13.9,13.93,36.38,332942326.0
2015-03-05,13.96,14.07,13.75,13.91,36.32,233899465.0
2015-03-06,13.87,13.94,13.61,13.74,35.88,257943590.0
2015-03-09,13.6,13.64,13.22,13.35,34.85,255514474.0
2015-03-10,13.15,13.39,12.9,12.9,33.69,371517353.0
2015-03-11,12.99,13.31,12.97,13.29,34.7,231128562.0
2015-03-12,13.48,13.5,13.04,13.05,34.08,339514107.0
2015-03-13,12.79,12.98,12.7,12.89,33.66,319621772.0
2015-03-16,13.02,13.11,12.87,13.08,34.16,252261423.0
2015-03-17,13.08,13.6,12.96,13.6,35.5,363940339.0
2015-03-18,13.59,14.13,13.34,14.13,36.9,314878553.0
2015-03-19,14.03,14.05,13.72,13.9,36.28,205321556.0
2015-03-20,14.01,14.27,13.96,14.11,36.84,369233972.0
2015-03-23,14.06,14.27,13.97,14.08,36.75,163296083.0
2015-03-24,14.09,14.24,13.78,13.94,36.4,178092150.0
2015-03-25,14.06,14.16,13.79,13.95,36.42,384580001.0
2015-03-26,13.83,13.9,13.48,13.52,35.3,317409768.0
2015-03-27,13.53,13.53,12.96,13.14,28.6,275436122.0
2015-03-30,13.21,13.42,13.08,13.42,29.2,274565673.0
2015-03-31,13.25,13.69,13.21,13.64,29.67,314608832.0
2015-04-01,13.82,14.26,13.73,14.07,30.61,271609689.0
2015-04-02,14.18,14.4,14.13,14.24,30.96,239316542.0
2015-04-06,14.35,14.48,14.24,14.31,31.13,175172975.0
2015-04-07,14.32,14.44,14.21,14.37,31.24,168720693.0
2015-04-08,14.45,14.56,14.34,14.4,31.31,272315945.0
2015-04-09,14.14,14.24,13.91,14.14,30.75,307026548.0
2015-04-10,14.03,14.32,13.94,14.29,31.08,209091035.0
2015-04-13,14.19,14.46,14.16,14.26,31.01,248213640.0
2015-04-14,14.41,14.41,14.08,14.38,31.27,260138985.0
2015-04-15,14.43,14.57,14.3,14.57,31.69,302084994.0
2015-04-16,14.56,14.56,14.37,14.54,31.61,231654184.0
2015-04-17,14.37,14.44,14.14,14.16,30.8,200285665.0
2015-04-20,14.21,14.3,13.96,14.07,30.59,164277946.0
2015-04-22,14.06,14.39,13.97,14.25,31.0,219857351.0
2015-04-23,14.18,14.71,14.04,14.57,31.68,281966651.0
2015-04-24,14.69,15.06,14.57,14.92,32.44,376861553.0
2015-04-27,14.79,15.06,14.62,14.7,31.96,345917426.0
2015-04-28,14.73,14.97,14.6,14.92,32.45,263429717.0
2015-04-29,14.86,14.96,14.5,14.57,31.68,400430401.0
2015-04-30,14.5,14.8,14.47,14.79,32.16,277586456.0
2015-05-04,14.89,15.09,14.82,14.86,32.31,223751065.0
2015-05-05,14.73,15.06,14.58,14.9,32.39,292737133.0
2015-05-06,14.89,15.02,14.41,14.52,31.57,272699202.0
2015-05-07,14.42,14.58,14.34,14.57,31.66,153809540.0
2015-05-08,14.75,14.78,14.37,14.61,31.75,164076355.0
2015-05-11,14.68,14.69,14.43,14.56,31.65,190179989.0
2015-05-12,14.43,14.55,14.38,14.41,31.33,122575032.0
2015-05-13,14.38,14.46,14.17,14.2,30.87,186040373.0
2015-05-14,14.26,14.57,14.15,14.55,31.62,161125536.0
2015-05-15,14.55,14.85,14.46,14.85,32.28,177804146.0
2015-05-18,14.86,14.88,14.31,14.49,31.49,282842096.0
2015-05-19,14.47,14.51,14.04,14.28,31.03,179257179.0
2015-05-20,14.08,14.18,13.86,13.92,30.25,371912975.0
2015-05-21,13.79,13.83,13.49,13.68,29.73,394158709.0
2015-05-22,13.58,13.62,13.3,13.39,29.1,534601575.0
2015-05-25,13.38,13.61,13.31,13.47,29.27,122060705.0
2015-05-26,13.4,13.42,13.06,13.07,28.4,374962970.0
2015-05-27,13.14,13.5,12.95,13.42,29.17,433373354.0
2015-05-28,13.33,13.37,13.08,13.34,28.99,249859278.0
2015-05-29,13.33,13.33,12.97,12.98,28.21,406520931.0
2015-06-01,13.04,13.13,12.88,12.96,28.16,180750281.0
2015-06-02,13.06,13.34,13.03,13.29,28.86,260748828.0
2015-06-03,13.25,13.25,12.92,12.98,28.2,315262824.0
2015-06-05,12.89,12.94,12.68,12.68,27.54,234663318.0
2015-06-08,12.76,12.88,12.66,12.7,27.58,157274565.0
2015-06-09,12.72,12.82,12.51,12.56,27.28,273780175.0
2015-06-10,12.81,13.11,12.74,13.0,28.23,295972286.0
2015-06-11,13.12,13.21,12.83,13.03,28.3,265557235.0
2015-06-12,12.89,13.02,12.76,12.78,27.77,226218161.0
2015-06-15,12.71,12.79,12.47,12.71,27.61,256599442.0
2015-06-16,12.81,13.12,12.74,13.03,28.31,253993468.0
2015-06-17,12.94,12.98,12.71,12.76,27.72,244200624.0
2015-06-18,12.89,13.31,12.71,13.24,28.76,234037520.0
2015-06-19,13.06,13.19,12.87,12.98,28.2,277818053.0
2015-06-22,13.07,13.2,12.94,13.12,28.5,264585945.0
2015-06-23,13.21,13.41,13.15,13.27,28.64,177521932.0
2015-06-24,13.29,13.39,13.18,13.35,28.8,124973421.0
2015-06-25,13.38,13.38,13.0,13.26,28.62,247822886.0
2015-06-26,13.24,13.52,13.24,13.48,29.09,183186802.0
2015-06-29,13.25,13.42,13.07,13.18,28.45,190795530.0
2015-06-30,13.26,13.34,13.11,13.21,28.5,178160980.0
